Diff in /mnt/c/Users/hp/Documents/naclac-fw/cli/src/commands/build.rs:49:
         let keypair_path = target_deploy_dir.join(format!("{}-keypair.json", program_name));
 
         if !keypair_path.exists() {
[31m-            ui::warn(format!("Keypair missing for '{}' — generated", program_name));
(B[m[32m+            ui::warn(format!(
(B[m[32m+                "Keypair missing for '{}' — generated",
(B[m[32m+                program_name
(B[m[32m+            ));
(B[m             Command::new("solana-keygen")
                 .arg("new")
                 .arg("--no-bip39-passphrase")
Diff in /mnt/c/Users/hp/Documents/naclac-fw/cli/src/commands/build.rs:95:
                 if let Some(end_offset) = toml_code[addr_start..].find("\"") {
                     let current_address = &toml_code[addr_start..addr_start + end_offset];
                     if current_address != actual_address {
[31m-                        ui::warn(format!("Synced program ID -> Naclac.toml ({})", program_name));
(B[m[32m+                        ui::warn(format!(
(B[m[32m+                            "Synced program ID -> Naclac.toml ({})",
(B[m[32m+                            program_name
(B[m[32m+                        ));
(B[m                         toml_code
                             .replace_range(addr_start..addr_start + end_offset, &actual_address);
                         fs::write(&toml_path, toml_code).unwrap();
Diff in /mnt/c/Users/hp/Documents/naclac-fw/cli/src/commands/build.rs:182:
         let use_pinocchio = prog_features.use_pinocchio;
         let is_zero_copy = prog_features.is_zero_copy;
 
[31m-        let mode_label = if use_pinocchio { "pinocchio" } else { "standard" };
(B[m[32m+        let mode_label = if use_pinocchio {
(B[m[32m+            "pinocchio"
(B[m[32m+        } else {
(B[m[32m+            "standard"
(B[m[32m+        };
(B[m         let mut all_features = features.clone();
         if use_pinocchio {
             all_features.push("pinocchio".to_string());
Diff in /mnt/c/Users/hp/Documents/naclac-fw/cli/src/commands/build.rs:247:
                 // individual diagnostics.
                 let stripped = strip_ansi(&line);
                 let trimmed = stripped.trim();
[31m-                if trimmed.starts_with("error: could not compile") || trimmed.starts_with("error: aborting due to") {
(B[m[32m+                if trimmed.starts_with("error: could not compile")
(B[m[32m+                    || trimmed.starts_with("error: aborting due to")
(B[m[32m+                {
(B[m                     cargo_error_summary = Some(trimmed.to_string());
                 }
                 step.print_above(line);
Diff in /mnt/c/Users/hp/Documents/naclac-fw/cli/src/commands/build.rs:268:
                 ));
             } else {
                 match cargo_error_summary {
[31m-                    Some(summary) => step.fail(format!("Compile failed for '{}' — {}", prog_name, summary)),
(B[m[32m+                    Some(summary) => {
(B[m[32m+                        step.fail(format!("Compile failed for '{}' — {}", prog_name, summary))
(B[m[32m+                    }
(B[m                     None => step.fail(format!("Compile failed for '{}'", prog_name)),
                 }
             }
Diff in /mnt/c/Users/hp/Documents/naclac-fw/cli/src/commands/build.rs:275:
         }
[31m-        step.done(format!("Compiled {} ({} crates built)", prog_name, compiled));
(B[m[32m+        step.done(format!(
(B[m[32m+            "Compiled {} ({} crates built)",
(B[m[32m+            prog_name, compiled
(B[m[32m+        ));
(B[m 
         let idl_step = ui::Step::start(format!("Generating IDL & TS types ({})...", prog_name));
 
Diff in /mnt/c/Users/hp/Documents/naclac-fw/cli/src/commands/build.rs:280:
         // Shared with `naclac generate idl` — see generate.rs. Writes the
         // zero-copy marker (if any) with the real alloc-event names; left in
         // place deliberately so the client-gen call below sees it unmodified.
[31m-        let (idl_json_pretty, _alloc_event_names) = crate::commands::generate::generate_idl_for_program(
(B[m[31m-            &workspace_root,
(B[m[31m-            build_dir,
(B[m[31m-            prog_name,
(B[m[31m-            is_zero_copy,
(B[m[31m-        );
(B[m[32m+        let (idl_json_pretty, _alloc_event_names) =
(B[m[32m+            crate::commands::generate::generate_idl_for_program(
(B[m[32m+                &workspace_root,
(B[m[32m+                build_dir,
(B[m[32m+                prog_name,
(B[m[32m+                is_zero_copy,
(B[m[32m+            );
(B[m 
         let target_types_dir = target_dir.join("types");
         fs::create_dir_all(&target_types_dir).unwrap();
Diff in /mnt/c/Users/hp/Documents/naclac-fw/cli/src/commands/build.rs:297:
                     let marker_path = target_dir.join(format!(".{}-zero-copy", prog_name));
                     let _ = fs::remove_file(marker_path);
                 }
[31m-                idl_step.fail(format!("Failed to generate TS types for '{}': {}", prog_name, e));
(B[m[32m+                idl_step.fail(format!(
(B[m[32m+                    "Failed to generate TS types for '{}': {}",
(B[m[32m+                    prog_name, e
(B[m[32m+                ));
(B[m             }
         };
 
Diff in /mnt/c/Users/hp/Documents/naclac-fw/cli/src/commands/build.rs:315:
     ui::milestone(format!(
         "Build complete — {} program{}, {}",
         programs_to_build.len(),
[31m-        if programs_to_build.len() == 1 { "" } else { "s" },
(B[m[32m+        if programs_to_build.len() == 1 {
(B[m[32m+            ""
(B[m[32m+        } else {
(B[m[32m+            "s"
(B[m[32m+        },
(B[m         ui::format_duration(build_start.elapsed())
     ));
 }
Diff in /mnt/c/Users/hp/Documents/naclac-fw/cli/src/commands/build.rs:350:
     let rest = trimmed.strip_prefix("Compiling ")?;
     let v_pos = rest.find(" v")?;
     let after_v = &rest[v_pos + 2..];
[31m-    if after_v.starts_with(|c: char| c.is_ascii_digit()) && after_v.contains('(') && trimmed.ends_with(')') {
(B[m[32m+    if after_v.starts_with(|c: char| c.is_ascii_digit())
(B[m[32m+        && after_v.contains('(')
(B[m[32m+        && trimmed.ends_with(')')
(B[m[32m+    {
(B[m         Some(rest[..v_pos].to_string())
     } else {
         None
Diff in /mnt/c/Users/hp/Documents/naclac-fw/cli/src/commands/generate.rs:209:
     let workspace_root = resolve_workspace_root();
     let target_idl_dir = naclac_client_gen::resolve_target_dir(&workspace_root).join("idl");
     if !target_idl_dir.exists() {
[31m-        ui::error("target/idl does not exist — run `naclac generate idl` (or `naclac build`) first.");
(B[m[32m+        ui::error(
(B[m[32m+            "target/idl does not exist — run `naclac generate idl` (or `naclac build`) first.",
(B[m[32m+        );
(B[m     }
 
     let mut target_json_paths = Vec::new();
Diff in /mnt/c/Users/hp/Documents/naclac-fw/cli/src/commands/generate.rs:288:
 
         match res {
             Ok(()) => step.done(format!("{} written ({})", kind_label, program_name)),
[31m-            Err(e) => step.fail(format!("{} generation failed for '{}': {}", kind_label, program_name, e)),
(B[m[32m+            Err(e) => step.fail(format!(
(B[m[32m+                "{} generation failed for '{}': {}",
(B[m[32m+                kind_label, program_name, e
(B[m[32m+            )),
(B[m         }
     }
 }
Diff in /mnt/c/Users/hp/Documents/naclac-fw/cli/src/commands/idl.rs:95:
         "localnet" | "localhost" => "http://127.0.0.1:8899".to_string(),
         url if url.starts_with("http") => url.to_string(),
         other => {
[31m-            ui::warn(format!("Unknown cluster '{}' in Naclac.toml — defaulting to devnet.", other));
(B[m[32m+            ui::warn(format!(
(B[m[32m+                "Unknown cluster '{}' in Naclac.toml — defaulting to devnet.",
(B[m[32m+                other
(B[m[32m+            ));
(B[m             "https://api.devnet.solana.com".to_string()
         }
     };
Diff in /mnt/c/Users/hp/Documents/naclac-fw/cli/src/commands/idl.rs:159:
 /// all, and even cloned in, its System Program CPIs can mismatch an older
 /// local validator build).
 fn require_non_local_cluster(config: &NaclacConfig) -> bool {
[31m-    if matches!(config.cluster.to_lowercase().as_str(), "localnet" | "localhost") {
(B[m[32m+    if matches!(
(B[m[32m+        config.cluster.to_lowercase().as_str(),
(B[m[32m+        "localnet" | "localhost"
(B[m[32m+    ) {
(B[m         ui::error_line(
             "`naclac idl` commands only support devnet/testnet/mainnet — set [provider] \
              cluster in Naclac.toml to \"devnet\" or higher.",
Diff in /mnt/c/Users/hp/Documents/naclac-fw/cli/src/commands/idl.rs:271:
     if current >= required {
         return true;
     }
[31m-    let ix = solana_system_interface::instruction::transfer(&payer.pubkey(), target, required - current);
(B[m[32m+    let ix =
(B[m[32m+        solana_system_interface::instruction::transfer(&payer.pubkey(), target, required - current);
(B[m     send(client, payer, ix, "Fund account for rent-exemption")
 }
 
Diff in /mnt/c/Users/hp/Documents/naclac-fw/cli/src/commands/idl.rs:314:
         let end = std::cmp::min(offset as usize + CHUNK_SIZE, total);
         let chunk = &data[offset as usize..end];
         let ix = program_metadata::write(buffer, authority, offset, chunk);
[31m-        if !send(client, payer, ix, &format!("Write ({}/{} bytes)", end, total)) {
(B[m[32m+        if !send(
(B[m[32m+            client,
(B[m[32m+            payer,
(B[m[32m+            ix,
(B[m[32m+            &format!("Write ({}/{} bytes)", end, total),
(B[m[32m+        ) {
(B[m             return false;
         }
         offset = end as u32;
Diff in /mnt/c/Users/hp/Documents/naclac-fw/cli/src/commands/idl.rs:369:
         return;
     }
 
[31m-    if !write_chunks(client, payer, accounts.metadata, accounts.authority, compressed) {
(B[m[32m+    if !write_chunks(
(B[m[32m+        client,
(B[m[32m+        payer,
(B[m[32m+        accounts.metadata,
(B[m[32m+        accounts.authority,
(B[m[32m+        compressed,
(B[m[32m+    ) {
(B[m         return;
     }
 
Diff in /mnt/c/Users/hp/Documents/naclac-fw/cli/src/commands/idl.rs:466:
         return;
     }
 
[31m-    let close_ix = program_metadata::close(&buffer_pda, authority, program_id, program_data, authority);
(B[m[32m+    let close_ix =
(B[m[32m+        program_metadata::close(&buffer_pda, authority, program_id, program_data, authority);
(B[m     if send(client, payer, close_ix, "Close (temp buffer cleanup)") {
         ui::success(format!("IDL updated ({})", metadata_pda));
     }
Diff in /mnt/c/Users/hp/Documents/naclac-fw/cli/src/commands/idl.rs:500:
 
     let client = RpcClient::new(config.rpc_url.clone());
 
[31m-    Some((config, program_id, metadata_pda, program_data, payer, client))
(B[m[32m+    Some((
(B[m[32m+        config,
(B[m[32m+        program_id,
(B[m[32m+        metadata_pda,
(B[m[32m+        program_data,
(B[m[32m+        payer,
(B[m[32m+        client,
(B[m[32m+    ))
(B[m }
 
 pub fn execute_set_immutable(program_id_str: &str) {
Diff in /mnt/c/Users/hp/Documents/naclac-fw/cli/src/commands/idl.rs:513:
 
     let ix = program_metadata::set_immutable(&metadata_pda, &authority, &program_id, &program_data);
     if send(&client, &payer, ix, "SetImmutable") {
[31m-        ui::success(format!("IDL metadata is now permanently immutable ({})", metadata_pda));
(B[m[32m+        ui::success(format!(
(B[m[32m+            "IDL metadata is now permanently immutable ({})",
(B[m[32m+            metadata_pda
(B[m[32m+        ));
(B[m     }
 }
 
Diff in /mnt/c/Users/hp/Documents/naclac-fw/cli/src/commands/idl.rs:585:
         return;
     }
     if !remove && new_authority.is_none() {
[31m-        ui::error_line("Pass --new-authority <PUBKEY> to set a new authority, or --remove to remove it.");
(B[m[32m+        ui::error_line(
(B[m[32m+            "Pass --new-authority <PUBKEY> to set a new authority, or --remove to remove it.",
(B[m[32m+        );
(B[m         return;
     }
 
Diff in /mnt/c/Users/hp/Documents/naclac-fw/cli/src/commands/idl.rs:660:
     let parsed = match header::parse_header(&account_data) {
         Some(h) => h,
         None => {
[31m-            ui::error_line(format!("Metadata account {} has an unrecognized layout.", metadata_pda));
(B[m[32m+            ui::error_line(format!(
(B[m[32m+                "Metadata account {} has an unrecognized layout.",
(B[m[32m+                metadata_pda
(B[m[32m+            ));
(B[m             return;
         }
     };
Diff in /mnt/c/Users/hp/Documents/naclac-fw/cli/src/commands/idl.rs:668:
     let raw_payload = match header::payload(&account_data, &parsed) {
         Some(p) => p,
         None => {
[31m-            ui::error_line(format!("Metadata account {} is truncated or corrupt.", metadata_pda));
(B[m[32m+            ui::error_line(format!(
(B[m[32m+                "Metadata account {} is truncated or corrupt.",
(B[m[32m+                metadata_pda
(B[m[32m+            ));
(B[m             return;
         }
     };
Diff in /mnt/c/Users/hp/Documents/naclac-fw/cli/src/commands/idl.rs:679:
             decompressed.extend_from_slice(raw_payload);
             Ok(())
         }
[31m-        compression::GZIP => GzDecoder::new(raw_payload).read_to_end(&mut decompressed).map(|_| ()),
(B[m[31m-        compression::ZLIB => ZlibDecoder::new(raw_payload).read_to_end(&mut decompressed).map(|_| ()),
(B[m[32m+        compression::GZIP => GzDecoder::new(raw_payload)
(B[m[32m+            .read_to_end(&mut decompressed)
(B[m[32m+            .map(|_| ()),
(B[m[32m+        compression::ZLIB => ZlibDecoder::new(raw_payload)
(B[m[32m+            .read_to_end(&mut decompressed)
(B[m[32m+            .map(|_| ()),
(B[m         other => {
[31m-            ui::error_line(format!("Unrecognized compression byte {} on metadata account.", other));
(B[m[32m+            ui::error_line(format!(
(B[m[32m+                "Unrecognized compression byte {} on metadata account.",
(B[m[32m+                other
(B[m[32m+            ));
(B[m             return;
         }
     };
Diff in /mnt/c/Users/hp/Documents/naclac-fw/cli/src/commands/init/templates.rs:26:
     ensure_dir(&program_dir.join("src/components"));
     ensure_dir(&program_dir.join("src/systems"));
 
[31m-    let (naclac_lang_path, _) = naclac_client_gen::naclac_dep_path_fragments(root_path, &program_dir);
(B[m[32m+    let (naclac_lang_path, _) =
(B[m[32m+        naclac_client_gen::naclac_dep_path_fragments(root_path, &program_dir);
(B[m 
     // --- Cargo.toml ---
     let cargo_toml = match mode {
Diff in /mnt/c/Users/hp/Documents/naclac-fw/cli/src/commands/profile.rs:346:
 fn print_final_summary(data: &[(String, u64)], run_order: bool) {
     let mut grouped: Vec<(String, u64, usize)> = Vec::new();
     for (name, cu) in data {
[31m-        if let Some(entry) = grouped
(B[m[31m-            .iter_mut()
(B[m[31m-            .find(|(n, c, _)| n == name && c == cu)
(B[m[31m-        {
(B[m[32m+        if let Some(entry) = grouped.iter_mut().find(|(n, c, _)| n == name && c == cu) {
(B[m             entry.2 += 1;
         } else {
             grouped.push((name.clone(), *cu, 1));
Diff in /mnt/c/Users/hp/Documents/naclac-fw/cli/src/commands/upgrade.rs:60:
         _ => "https://api.devnet.solana.com".to_string(),
     };
 
[31m-    ui::info(format!("Upgrading {} on {} via {}", program_id, cluster, wallet_path));
(B[m[32m+    ui::info(format!(
(B[m[32m+        "Upgrading {} on {} via {}",
(B[m[32m+        program_id, cluster, wallet_path
(B[m[32m+    ));
(B[m 
     if let Some(buf) = buffer {
         let mut deploy_cmd = Command::new("solana")
Diff in /mnt/c/Users/hp/Documents/naclac-fw/cli/src/commands/verify.rs:45:
     // stdio at the same time would corrupt each other's output (see the
     // same reasoning that ruled out a PTY for `naclac build`'s own compile
     // step in build.rs).
[31m-    ui::info(format!("Verifying {} (dockerized build)...", program_id_str));
(B[m[32m+    ui::info(format!(
(B[m[32m+        "Verifying {} (dockerized build)...",
(B[m[32m+        program_id_str
(B[m[32m+    ));
(B[m 
     let parent_dir = workspace_root.parent().unwrap();
     let project_name = workspace_root.file_name().unwrap().to_str().unwrap();
Diff in /mnt/c/Users/hp/Documents/naclac-fw/cli/src/commands/verify.rs:178:
                 let on_chain_hash = hex::encode(chain_hasher.finalize());
 
                 if local_hash == on_chain_hash {
[31m-                    ui::success(format!("On-chain code matches local source ({})", local_hash));
(B[m[32m+                    ui::success(format!(
(B[m[32m+                        "On-chain code matches local source ({})",
(B[m[32m+                        local_hash
(B[m[32m+                    ));
(B[m                 } else {
                     ui::error_line(format!(
                         "Verification failed — on-chain code diverges from local build \
Diff in /mnt/c/Users/hp/Documents/naclac-fw/cli/src/commands/verify.rs:195:
             ui::error_line("Failed to read the local `.so` file.");
         }
     } else {
[31m-        ui::error_line(format!("No verifiable program artifacts found for {}", program_id_str));
(B[m[32m+        ui::error_line(format!(
(B[m[32m+            "No verifiable program artifacts found for {}",
(B[m[32m+            program_id_str
(B[m[32m+        ));
(B[m     }
 }
 
Diff in /mnt/c/Users/hp/Documents/naclac-fw/cli/src/main.rs:5:
 mod commands;
 mod ui;
 
[31m-
(B[m #[derive(Parser)]
 #[command(name = "naclac")]
 #[command(version, about = "A hyper-optimized native Solana framework generator", long_about = None)]
Diff in /mnt/c/Users/hp/Documents/naclac-fw/cli/src/main.rs:224:
         if Address::from_str(arg).is_ok() {
             return vec![arg.clone()];
         }
[31m-        return match programs_table.and_then(|t| t.get(arg)).and_then(|v| v.as_str()) {
(B[m[32m+        return match programs_table
(B[m[32m+            .and_then(|t| t.get(arg))
(B[m[32m+            .and_then(|v| v.as_str())
(B[m[32m+        {
(B[m             Some(id) => vec![id.to_string()],
             None => {
                 eprintln!(
Diff in /mnt/c/Users/hp/Documents/naclac-fw/naclac-client/src/builder.rs:146:
                     for line in &meta.logs {
                         let _ = writeln!(block, "{line}");
                     }
[31m-                    let _ = writeln!(block, "   💰 Final CU consumed: {}", meta.compute_units_consumed);
(B[m[32m+                    let _ = writeln!(
(B[m[32m+                        block,
(B[m[32m+                        "   💰 Final CU consumed: {}",
(B[m[32m+                        meta.compute_units_consumed
(B[m[32m+                    );
(B[m                 }
                 Err(NaclacClientError::TransactionFailed { logs, .. }) => {
                     for line in logs {
Diff in /mnt/c/Users/hp/Documents/naclac-fw/naclac-client/src/lib.rs:12:
 pub use fetcher::{
     decode_borsh_checked, decode_pod_checked, decode_pod_unchecked, AccountFetcher, NaclacDecode,
 };
[31m-pub use provider::{ClientBackend, NaclacAllocEvent, NaclacProvider, NaclacTransactionMetadata, RpcCluster};
(B[m[32m+pub use provider::{
(B[m[32m+    ClientBackend, NaclacAllocEvent, NaclacProvider, NaclacTransactionMetadata, RpcCluster,
(B[m[32m+};
(B[m pub use utils::{
     create_ata, create_ata_with_program, create_mint, create_token_account, get_discriminator,
     load_node_wallet, mint_to, resolve_cargo_target_dir, transfer_sol, SignerAddressExt,
Diff in /mnt/c/Users/hp/Documents/naclac-fw/naclac-client/src/lib.rs:58:
 /// pulling every `naclac-core` feature/cfg surface into offchain code that
 /// only needs this one type).
 #[repr(transparent)]
[31m-#[derive(Debug, Default, Clone, Copy, PartialEq, Eq, PartialOrd, Ord, Hash, bytemuck::Pod, bytemuck::Zeroable)]
(B[m[32m+#[derive(
(B[m[32m+    Debug,
(B[m[32m+    Default,
(B[m[32m+    Clone,
(B[m[32m+    Copy,
(B[m[32m+    PartialEq,
(B[m[32m+    Eq,
(B[m[32m+    PartialOrd,
(B[m[32m+    Ord,
(B[m[32m+    Hash,
(B[m[32m+    bytemuck::Pod,
(B[m[32m+    bytemuck::Zeroable,
(B[m[32m+)]
(B[m pub struct Bool(pub u8);
 
 impl From<u8> for Bool {
Diff in /mnt/c/Users/hp/Documents/naclac-fw/naclac-client/src/lib.rs:87:
 pub use solana_signature::Signature;
 pub use solana_signer::Signer;
 pub use solana_transaction::versioned::VersionedTransaction;
[32m+pub use std::string::String;
(B[m pub use std::vec;
 pub use std::vec::Vec;
[31m-pub use std::string::String;
(B[m 
Diff in /mnt/c/Users/hp/Documents/naclac-fw/naclac-client/src/provider.rs:120:
     /// `bytemuck::Pod` (it may hold `Vec`/`String`/`Option` fields), so decoding
     /// is delegated to `T`'s generated [`NaclacAllocEvent::decode`], which mirrors
     /// the on-chain `emit()`'s sequential, length-prefixed write order.
[31m-    pub fn parse_events_alloc<T: crate::NaclacAllocEvent>(&self) -> Result<Vec<T>, NaclacClientError> {
(B[m[32m+    pub fn parse_events_alloc<T: crate::NaclacAllocEvent>(
(B[m[32m+        &self,
(B[m[32m+    ) -> Result<Vec<T>, NaclacClientError> {
(B[m         let full_name = std::any::type_name::<T>();
         let struct_name = full_name.split("::").last().unwrap();
         let preimage = format!("event:{}", struct_name);
Diff in /mnt/c/Users/hp/Documents/naclac-fw/naclac-client/src/utils.rs:14:
     Address::new_from_array(spl_associated_token_account::ID.to_bytes());
 pub const TOKEN_2022_PROGRAM_ID: Address = Address::new_from_array(spl_token_2022::ID.to_bytes());
 pub const SYSTEM_PROGRAM_ID: Address = Address::new_from_array([0; 32]);
[31m-pub const RENT_SYSVAR_ID: Address = Address::new_from_array(solana_program::sysvar::rent::ID.to_bytes());
(B[m[32m+pub const RENT_SYSVAR_ID: Address =
(B[m[32m+    Address::new_from_array(solana_program::sysvar::rent::ID.to_bytes());
(B[m 
 pub trait SignerAddressExt {
     fn address(&self) -> Address;
Diff in /mnt/c/Users/hp/Documents/naclac-fw/naclac-client-gen/src/paths.rs:34:
 pub fn find_naclac_framework_root(start_dir: &Path) -> Option<PathBuf> {
     let mut dir = start_dir.canonicalize().ok()?;
     loop {
[31m-        if dir.join("naclac-lang/Cargo.toml").exists() && dir.join("naclac-client/Cargo.toml").exists() {
(B[m[32m+        if dir.join("naclac-lang/Cargo.toml").exists()
(B[m[32m+            && dir.join("naclac-client/Cargo.toml").exists()
(B[m[32m+        {
(B[m             return Some(dir);
         }
         if !dir.pop() {
Diff in /mnt/c/Users/hp/Documents/naclac-fw/naclac-client-gen/src/paths.rs:88:
 /// rather than this tool guessing a path that may or may not be correct.
 pub fn naclac_dep_path_fragments(workspace_root: &Path, clients_dir: &Path) -> (String, String) {
     match naclac_dep_paths(workspace_root, clients_dir) {
[31m-        Some((lang, client)) => (format!(", path = \"{lang}\""), format!(", path = \"{client}\"")),
(B[m[32m+        Some((lang, client)) => (
(B[m[32m+            format!(", path = \"{lang}\""),
(B[m[32m+            format!(", path = \"{client}\""),
(B[m[32m+        ),
(B[m         None => {
             eprintln!(
                 "⚠️  Could not locate 'naclac-lang'/'naclac-client' on disk relative to {:?} — \
Diff in /mnt/c/Users/hp/Documents/naclac-fw/naclac-client-gen/src/rust/components.rs:1:
[31m-use super::{map_type_to_rust_cpi, map_type_to_rust_with_prefix, references_defined_type, render_docs, sdk_core_alias};
(B[m[32m+use super::{
(B[m[32m+    map_type_to_rust_cpi, map_type_to_rust_with_prefix, references_defined_type, render_docs,
(B[m[32m+    sdk_core_alias,
(B[m[32m+};
(B[m use crate::Idl;
 use heck::{AsSnakeCase, ToUpperCamelCase};
 use std::fs;
Diff in /mnt/c/Users/hp/Documents/naclac-fw/naclac-client-gen/src/rust/instructions/cpi.rs:40:
     cpi_content.push_str("#[cfg(feature = \"cpi\")]\n");
     cpi_content.push_str(&format!("pub struct {}CpiCall<'a> {{\n", ix_camel));
     if !ix.accounts.is_empty() {
[31m-        cpi_content.push_str(&format!(
(B[m[31m-            "    pub accounts: {}CpiAccounts<'a>,\n",
(B[m[31m-            ix_camel
(B[m[31m-        ));
(B[m[32m+        cpi_content.push_str(&format!("    pub accounts: {}CpiAccounts<'a>,\n", ix_camel));
(B[m     }
     for arg in &ix.args {
         let arg_snake = heck::AsSnakeCase(&arg.name).to_string();
Diff in /mnt/c/Users/hp/Documents/naclac-fw/naclac-client-gen/src/rust/instructions/cpi.rs:51:
         cpi_content.push_str(&format!("    pub {}: {},\n", arg_snake, arg_ty));
     }
     cpi_content.push_str("    pub signer_seeds: &'a [&'a [&'a [u8]]],\n");
[31m-    cpi_content.push_str("    pub remaining_accounts: &'a [(crate::sdk_core_cpi::AccountInfo, bool, bool)],\n");
(B[m[32m+    cpi_content.push_str(
(B[m[32m+        "    pub remaining_accounts: &'a [(crate::sdk_core_cpi::AccountInfo, bool, bool)],\n",
(B[m[32m+    );
(B[m     cpi_content.push_str("}\n\n");
 
     cpi_content.push_str("#[cfg(feature = \"cpi\")]\n");
Diff in /mnt/c/Users/hp/Documents/naclac-fw/naclac-client-gen/src/rust/instructions/cpi.rs:105:
             .collect::<Vec<_>>()
             .join("\n");
         if field_lines.is_empty() {
[31m-            format!("{}CpiCall {{\n        signer_seeds,\n        remaining_accounts: &[],\n    }}", ix_camel)
(B[m[32m+            format!(
(B[m[32m+                "{}CpiCall {{\n        signer_seeds,\n        remaining_accounts: &[],\n    }}",
(B[m[32m+                ix_camel
(B[m[32m+            )
(B[m         } else {
             format!(
                 "{}CpiCall {{\n{}\n        signer_seeds,\n        remaining_accounts: &[],\n    }}",
Diff in /mnt/c/Users/hp/Documents/naclac-fw/naclac-client-gen/src/rust/instructions/cpi.rs:112:
[31m-                ix_camel,
(B[m[31m-                field_lines
(B[m[32m+                ix_camel, field_lines
(B[m             )
         }
     };
Diff in /mnt/c/Users/hp/Documents/naclac-fw/naclac-client-gen/src/rust/instructions/cpi.rs:148:
          \x20       &self,\n\
          \x20       call: {}CpiCall<'a>\n\
          \x20   ) -> crate::sdk_core_cpi::Result<()>;\n\n",
[31m-        ix_snake,
(B[m[31m-        ix_camel
(B[m[32m+        ix_snake, ix_camel
(B[m     ));
 
     cpi_content.push_str("}\n\n");
Diff in /mnt/c/Users/hp/Documents/naclac-fw/naclac-client-gen/src/rust/instructions/cpi.rs:166:
          \x20       &self,\n\
          \x20       call: {}CpiCall<'a>\n\
          \x20   ) -> crate::sdk_core_cpi::Result<()> {{\n",
[31m-        ix_snake,
(B[m[31m-        ix_camel
(B[m[32m+        ix_snake, ix_camel
(B[m     ));
 
     let mut destructure_fields = Vec::new();
Diff in /mnt/c/Users/hp/Documents/naclac-fw/naclac-client-gen/src/rust/instructions/cpi.rs:216:
             disc_str
         )
     } else {
[31m-        let zc_writes =
(B[m[31m-            crate::rust::generate_zero_copy_arg_bytes(ix, true, idl.is_zero_copy, &idl.defined_types);
(B[m[32m+        let zc_writes = crate::rust::generate_zero_copy_arg_bytes(
(B[m[32m+            ix,
(B[m[32m+            true,
(B[m[32m+            idl.is_zero_copy,
(B[m[32m+            &idl.defined_types,
(B[m[32m+        );
(B[m         format!(
             "        let mut ix_data = crate::sdk_core_cpi::Vec::new();\n\
              \x20       ix_data.extend_from_slice(&[{}]);\n\
Diff in /mnt/c/Users/hp/Documents/naclac-fw/naclac-client-gen/src/rust/instructions/cpi.rs:400:
         ));
     }
     if all_metas.is_empty() {
[31m-        impl_body.push_str("            let mut account_metas = crate::sdk_core_cpi::Vec::new();\n");
(B[m[32m+        impl_body
(B[m[32m+            .push_str("            let mut account_metas = crate::sdk_core_cpi::Vec::new();\n");
(B[m     } else {
         impl_body.push_str(&format!(
             "            let mut account_metas = crate::sdk_core_cpi::vec![\n                {},\n            ];\n",
Diff in /mnt/c/Users/hp/Documents/naclac-fw/naclac-client-gen/src/rust/instructions/mod.rs:83:
                     let arg_ty = if for_cpi {
                         super::map_type_to_rust_cpi(&arg.ty, idl.is_zero_copy, "crate::types::")
                     } else {
[31m-                        super::map_type_to_rust_with_prefix(&arg.ty, idl.is_zero_copy, "crate::types::")
(B[m[32m+                        super::map_type_to_rust_with_prefix(
(B[m[32m+                            &arg.ty,
(B[m[32m+                            idl.is_zero_copy,
(B[m[32m+                            "crate::types::",
(B[m[32m+                        )
(B[m                     };
                     file_content.push_str(&format!("    pub {}: {},\n", arg_snake, arg_ty));
                 }
Diff in /mnt/c/Users/hp/Documents/naclac-fw/naclac-client-gen/src/rust/instructions/offchain.rs:109:
     // optional account's address resolves to `program_id` (the sentinel)
     // when `None`, rather than being skipped, so every account keeps its
     // declared position regardless of which optionals are present.
[31m-    offchain_content.push_str(
(B[m[31m-        "    naclac_client::InstructionBuilder::new(provider, program_id, ix_data)\n",
(B[m[31m-    );
(B[m[32m+    offchain_content
(B[m[32m+        .push_str("    naclac_client::InstructionBuilder::new(provider, program_id, ix_data)\n");
(B[m     for acc in &ix.accounts {
         let acc_snake = AsSnakeCase(&acc.name).to_string();
         let address_expr = if acc.optional.unwrap_or(false) {
Diff in /mnt/c/Users/hp/Documents/naclac-fw/naclac-client-gen/src/rust/lib_generator.rs:18:
     // different program), and `naclac_client`/`naclac_lang::prelude` each
     // define their own, non-interchangeable `Address`/`Bool`/etc., so a
     // single shared alias name can't correctly serve both at once.
[31m-    lib_content.push_str("#[cfg(feature = \"cpi\")]\npub use naclac_lang::prelude as sdk_core_cpi;\n");
(B[m[31m-    lib_content.push_str("#[cfg(feature = \"offchain\")]\npub use naclac_client as sdk_core_offchain;\n\n");
(B[m[32m+    lib_content
(B[m[32m+        .push_str("#[cfg(feature = \"cpi\")]\npub use naclac_lang::prelude as sdk_core_cpi;\n");
(B[m[32m+    lib_content.push_str(
(B[m[32m+        "#[cfg(feature = \"offchain\")]\npub use naclac_client as sdk_core_offchain;\n\n",
(B[m[32m+    );
(B[m     // `mod components`/`mod instructions` are only emitted when there's
     // actually something for them to declare — `naclac-client-gen/src/rust/mod.rs`
     // only creates the `src/components`/`src/instructions` directories (and
Diff in /mnt/c/Users/hp/Documents/naclac-fw/naclac-client-gen/src/rust/lib_generator.rs:279:
             lib_content.push_str(&format!("{}\n", def));
         }
         let derivation_program_expr = if let Some(bytes) = foreign_program_bytes {
[31m-            let bytes_str = bytes.iter().map(|b| b.to_string()).collect::<Vec<_>>().join(", ");
(B[m[32m+            let bytes_str = bytes
(B[m[32m+                .iter()
(B[m[32m+                .map(|b| b.to_string())
(B[m[32m+                .collect::<Vec<_>>()
(B[m[32m+                .join(", ");
(B[m             lib_content.push_str(&format!(
                 "    let __derivation_program = naclac_client::Address::new_from_array([{}]);\n",
                 bytes_str
Diff in /mnt/c/Users/hp/Documents/naclac-fw/naclac-client-gen/src/rust/mod.rs:167:
 /// dynamic (`String`/`Vec`) field just like a top-level arg can.
 pub fn is_type_pod(ty: &serde_json::Value, defined_types: &[crate::IdlType]) -> bool {
     match ty {
[31m-        serde_json::Value::String(s) => !matches!(s.as_str(), "string" | "String" | "bytes" | "&[u8]" | "[u8]"),
(B[m[32m+        serde_json::Value::String(s) => {
(B[m[32m+            !matches!(s.as_str(), "string" | "String" | "bytes" | "&[u8]" | "[u8]")
(B[m[32m+        }
(B[m         serde_json::Value::Object(o) => {
             if o.get("vec").is_some() {
                 return false;
Diff in /mnt/c/Users/hp/Documents/naclac-fw/naclac-client-gen/src/rust/mod.rs:176:
                 return is_type_pod(inner, defined_types);
             }
             if let Some(arr) = o.get("array") {
[31m-                return arr.get(0).is_none_or(|inner| is_type_pod(inner, defined_types));
(B[m[32m+                return arr
(B[m[32m+                    .get(0)
(B[m[32m+                    .is_none_or(|inner| is_type_pod(inner, defined_types));
(B[m             }
             if let Some(defined) = o.get("defined").and_then(|d| d.as_str()) {
                 if defined == "Bool" {
Diff in /mnt/c/Users/hp/Documents/naclac-fw/naclac-client-gen/src/rust/mod.rs:229:
 }
 
 pub fn is_pod_only_args(ix: &crate::IdlInstruction, defined_types: &[crate::IdlType]) -> bool {
[31m-    ix.args.iter().all(|arg| is_type_pod(&arg.ty, defined_types))
(B[m[32m+    ix.args
(B[m[32m+        .iter()
(B[m[32m+        .all(|arg| is_type_pod(&arg.ty, defined_types))
(B[m }
 
 /// Statements that write a single field's bytes into `ix_data`, given a Rust
Diff in /mnt/c/Users/hp/Documents/naclac-fw/naclac-client-gen/src/rust/mod.rs:343:
     for arg in &ix.args {
         let arg_snake = heck::AsSnakeCase(&arg.name).to_string();
         let expr = format!("args.{}", arg_snake);
[31m-        write_field_bytes(&expr, &arg.ty, defined_types, for_cpi, is_zero_copy, sdk_core, &mut writes);
(B[m[32m+        write_field_bytes(
(B[m[32m+            &expr,
(B[m[32m+            &arg.ty,
(B[m[32m+            defined_types,
(B[m[32m+            for_cpi,
(B[m[32m+            is_zero_copy,
(B[m[32m+            sdk_core,
(B[m[32m+            &mut writes,
(B[m[32m+        );
(B[m     }
 
     writes
Diff in /mnt/c/Users/hp/Documents/naclac-fw/naclac-client-gen/src/rust/mod.rs:404:
     workspace_root: &Path,
 ) -> Result<(), Box<dyn std::error::Error>> {
     let mut idl: Idl = serde_json::from_str(idl_json)?;
[31m-    let temp_marker =
(B[m[31m-        crate::paths::resolve_target_dir(workspace_root).join(format!(".{}-zero-copy", program_name));
(B[m[32m+    let temp_marker = crate::paths::resolve_target_dir(workspace_root)
(B[m[32m+        .join(format!(".{}-zero-copy", program_name));
(B[m     if let Ok(marker_content) = fs::read_to_string(&temp_marker) {
         idl.is_zero_copy = true;
         idl.alloc_event_names = marker_content
Diff in /mnt/c/Users/hp/Documents/naclac-fw/naclac-client-gen/src/rust/types/events.rs:1:
[31m-use super::super::{map_type_to_rust, map_type_to_rust_cpi, map_type_to_rust_with_prefix, render_docs, sdk_core_alias};
(B[m[32m+use super::super::{
(B[m[32m+    map_type_to_rust, map_type_to_rust_cpi, map_type_to_rust_with_prefix, render_docs,
(B[m[32m+    sdk_core_alias,
(B[m[32m+};
(B[m use crate::{Idl, IdlEventDef};
 use heck::{AsSnakeCase, ToUpperCamelCase};
 use std::fs;
Diff in /mnt/c/Users/hp/Documents/naclac-fw/naclac-client-gen/src/rust/types/events.rs:52:
          #[cfg(all(feature = \"borsh\", not(feature = \"offchain\")))]\n\
          use crate::sdk_core_cpi::borsh::{BorshDeserialize, BorshSerialize};\n",
     );
[31m-    let needs_typedefs = idl
(B[m[31m-        .events
(B[m[31m-        .iter()
(B[m[31m-        .any(|e| e.fields.iter().any(|f| super::super::references_defined_type(&f.ty)));
(B[m[32m+    let needs_typedefs = idl.events.iter().any(|e| {
(B[m[32m+        e.fields
(B[m[32m+            .iter()
(B[m[32m+            .any(|f| super::super::references_defined_type(&f.ty))
(B[m[32m+    });
(B[m     if needs_typedefs {
         events_content.push_str("use crate::types::typedefs::*;\n");
     }
Diff in /mnt/c/Users/hp/Documents/naclac-fw/naclac-client-gen/src/rust/types/events.rs:206:
                 events_content.push_str("        if bytes.len() < __offset + 4 { return None; }\n");
                 events_content.push_str("        let __len = u32::from_le_bytes(bytes[__offset..__offset + 4].try_into().ok()?) as usize;\n");
                 events_content.push_str("        __offset += 4;\n");
[31m-                events_content.push_str("        if bytes.len() < __offset + __len { return None; }\n");
(B[m[32m+                events_content
(B[m[32m+                    .push_str("        if bytes.len() < __offset + __len { return None; }\n");
(B[m                 events_content.push_str(&format!(
                     "        let {} = crate::sdk_core_offchain::String::from_utf8(bytes[__offset..__offset + __len].to_vec()).ok()?;\n",
                     f_snake
Diff in /mnt/c/Users/hp/Documents/naclac-fw/naclac-client-gen/src/rust/types/events.rs:227:
                     "            let __sz = core::mem::size_of::<{}>();\n",
                     inner_ty
                 ));
[31m-                events_content.push_str("            if bytes.len() < __offset + __sz { return None; }\n");
(B[m[32m+                events_content
(B[m[32m+                    .push_str("            if bytes.len() < __offset + __sz { return None; }\n");
(B[m                 events_content.push_str(&format!(
                     "            {}.push(crate::sdk_core_offchain::bytemuck::pod_read_unaligned::<{}>(&bytes[__offset..__offset + __sz]));\n",
                     f_snake, inner_ty
Diff in /mnt/c/Users/hp/Documents/naclac-fw/naclac-client-gen/src/rust/types/events.rs:245:
                     "            let __sz = core::mem::size_of::<{}>();\n",
                     inner_ty
                 ));
[31m-                events_content.push_str("            if bytes.len() < __offset + __sz { return None; }\n");
(B[m[32m+                events_content
(B[m[32m+                    .push_str("            if bytes.len() < __offset + __sz { return None; }\n");
(B[m                 events_content.push_str(&format!(
                     "            let __v = crate::sdk_core_offchain::bytemuck::pod_read_unaligned::<{}>(&bytes[__offset..__offset + __sz]);\n",
                     inner_ty
Diff in /mnt/c/Users/hp/Documents/naclac-fw/naclac-client-gen/src/rust/types/events.rs:262:
                     "        let __sz = core::mem::size_of::<{}>();\n",
                     f_ty
                 ));
[31m-                events_content.push_str("        if bytes.len() < __offset + __sz { return None; }\n");
(B[m[32m+                events_content
(B[m[32m+                    .push_str("        if bytes.len() < __offset + __sz { return None; }\n");
(B[m                 events_content.push_str(&format!(
                     "        let {} = crate::sdk_core_offchain::bytemuck::pod_read_unaligned::<{}>(&bytes[__offset..__offset + __sz]);\n",
                     f_snake, f_ty
Diff in /mnt/c/Users/hp/Documents/naclac-fw/naclac-client-gen/src/rust/types/typedefs.rs:1:
[31m-use super::super::{is_type_pod, map_type_to_rust_cpi, map_type_to_rust_with_prefix, render_docs, sdk_core_alias};
(B[m[32m+use super::super::{
(B[m[32m+    is_type_pod, map_type_to_rust_cpi, map_type_to_rust_with_prefix, render_docs, sdk_core_alias,
(B[m[32m+};
(B[m use crate::{Idl, IdlTypeDefVariants};
 use heck::{AsSnakeCase, ToUpperCamelCase};
 use std::fs;
Diff in /mnt/c/Users/hp/Documents/naclac-fw/naclac-client-gen/src/rust/types/typedefs.rs:73:
                 // plain, arbitrary-bytes-safe in-place representation. Same
                 // check as `naclac-macros`'s `#[instruction_args]` uses for
                 // the on-chain struct this type mirrors.
[31m-                let is_pod = fields.iter().all(|f| is_type_pod(&f.ty, &idl.defined_types));
(B[m[32m+                let is_pod = fields
(B[m[32m+                    .iter()
(B[m[32m+                    .all(|f| is_type_pod(&f.ty, &idl.defined_types));
(B[m 
                 // Field types (e.g. `Address`/`Bool`) genuinely differ between
                 // `sdk_core_offchain` and `sdk_core_cpi` — not interchangeable,
Diff in /mnt/c/Users/hp/Documents/naclac-fw/naclac-client-gen/src/typescript/kit.rs:214:
                         let ts_ty = map_type_to_ts(&serde_json::json!(field_ty), idl.is_zero_copy);
                         client_content.push_str(&format!("    {key}: {ts_ty};\n"));
                     } else {
[31m-                        client_content
(B[m[31m-                            .push_str(&format!("    {path}: naclac.Address | string;\n"));
(B[m[32m+                        client_content.push_str(&format!("    {path}: naclac.Address | string;\n"));
(B[m                     }
                 }
                 _ => {}
Diff in /mnt/c/Users/hp/Documents/naclac-fw/naclac-client-gen/src/typescript/mod.rs:44:
         )
         .unwrap();
     }
[31m-    let json_idl_path = target_dir.join("idl").join(format!("{}.json", program_name));
(B[m[32m+    let json_idl_path = target_dir
(B[m[32m+        .join("idl")
(B[m[32m+        .join(format!("{}.json", program_name));
(B[m     if json_idl_path.exists() {
         fs::copy(
             &json_idl_path,
Diff in /mnt/c/Users/hp/Documents/naclac-fw/naclac-core/src/prelude.rs:22:
 
 // These traits/types exist in wrappers for BOTH Solana and Pinocchio backends
 pub use crate::wrappers::{
[31m-    Account,
(B[m[31m-    AsRefByteSlice,
(B[m[31m-    AssociatedToken,
(B[m[31m-    CpiHandle,
(B[m[31m-    CpiHandleMut,
(B[m[31m-    Discriminator,
(B[m[31m-    Id,
(B[m[31m-    Ids,
(B[m[31m-    Interface,
(B[m[31m-    InterfaceAccount,
(B[m[31m-    NaclacAccount,
(B[m[31m-    NaclacZeroCopy,
(B[m[31m-    Owner,
(B[m[31m-    Program,
(B[m[31m-    Signer,
(B[m[31m-    Span,
(B[m[31m-    System,
(B[m[31m-    ToAccountInfo,
(B[m[31m-    ToAddress,
(B[m[31m-    ToCpiHandle,
(B[m[31m-    ToCpiHandleMut,
(B[m[31m-    Token,
(B[m[31m-    Token2022,
(B[m[31m-    TokenInterface,
(B[m[31m-    ValidateInterfaceLayout,
(B[m[31m-    ZcString,
(B[m[32m+    Account, AsRefByteSlice, AssociatedToken, CpiHandle, CpiHandleMut, Discriminator, Id, Ids,
(B[m[32m+    Interface, InterfaceAccount, NaclacAccount, NaclacZeroCopy, Owner, Program, Signer, Span,
(B[m[32m+    System, ToAccountInfo, ToAddress, ToCpiHandle, ToCpiHandleMut, Token, Token2022,
(B[m[32m+    TokenInterface, ValidateInterfaceLayout, ZcString,
(B[m };
 
 pub type ZcVec<T> = Span<T>;
Diff in /mnt/c/Users/hp/Documents/naclac-fw/naclac-core/src/prelude.rs:146:
 pub use NaclacResult as Result;
 
 #[cfg(not(feature = "pinocchio"))]
[31m-pub use solana_address::Address;
(B[m[31m-#[cfg(not(feature = "pinocchio"))]
(B[m pub use solana_address;
[32m+#[cfg(not(feature = "pinocchio"))]
(B[m[32m+pub use solana_address::Address;
(B[m 
 // --- OFFICIAL PROGRAM IDS ---
 #[cfg(not(feature = "pinocchio"))]
Diff in /mnt/c/Users/hp/Documents/naclac-fw/naclac-core/src/prelude.rs:168:
 pub use crate::borsh;
 
 #[cfg(not(feature = "pinocchio"))]
[32m+pub use crate::base58;
(B[m[32m+#[cfg(not(feature = "pinocchio"))]
(B[m pub use crate::system_program;
 #[cfg(not(feature = "pinocchio"))]
 #[cfg(not(feature = "pinocchio"))]
Diff in /mnt/c/Users/hp/Documents/naclac-fw/naclac-core/src/prelude.rs:174:
 pub use solana_system_interface;
[31m-#[cfg(not(feature = "pinocchio"))]
(B[m[31m-pub use crate::base58;
(B[m 
 #[cfg(not(feature = "pinocchio"))]
 #[derive(Clone)]
Diff in /mnt/c/Users/hp/Documents/naclac-fw/naclac-core/src/prelude.rs:698:
 
 // --- OFFICIAL PROGRAM IDS (PINOCCHIO) ---
 #[cfg(feature = "pinocchio")]
[31m-pub const TOKEN_PROGRAM_ID: Address =
(B[m[31m-    unsafe { core::mem::transmute(pinocchio::address::address!("TokenkegQfeZyiNwAJbNbGKPFXCWuBvf9Ss623VQ5DA")) };
(B[m[32m+pub const TOKEN_PROGRAM_ID: Address = unsafe {
(B[m[32m+    core::mem::transmute(pinocchio::address::address!(
(B[m[32m+        "TokenkegQfeZyiNwAJbNbGKPFXCWuBvf9Ss623VQ5DA"
(B[m[32m+    ))
(B[m[32m+};
(B[m #[cfg(feature = "pinocchio")]
[31m-pub const TOKEN_2022_PROGRAM_ID: Address =
(B[m[31m-    unsafe { core::mem::transmute(pinocchio::address::address!("TokenzQdBNbLqP5VEhdkAS6EPFLC1PHnBqCXEpPxuEb")) };
(B[m[32m+pub const TOKEN_2022_PROGRAM_ID: Address = unsafe {
(B[m[32m+    core::mem::transmute(pinocchio::address::address!(
(B[m[32m+        "TokenzQdBNbLqP5VEhdkAS6EPFLC1PHnBqCXEpPxuEb"
(B[m[32m+    ))
(B[m[32m+};
(B[m #[cfg(feature = "pinocchio")]
[31m-pub const ASSOCIATED_TOKEN_PROGRAM_ID: Address =
(B[m[31m-    unsafe { core::mem::transmute(pinocchio::address::address!("ATokenGPvbdGVxr1b2hvZbsiqW5xWH25efTNsLJA8knL")) };
(B[m[32m+pub const ASSOCIATED_TOKEN_PROGRAM_ID: Address = unsafe {
(B[m[32m+    core::mem::transmute(pinocchio::address::address!(
(B[m[32m+        "ATokenGPvbdGVxr1b2hvZbsiqW5xWH25efTNsLJA8knL"
(B[m[32m+    ))
(B[m[32m+};
(B[m #[cfg(feature = "pinocchio")]
[31m-pub const RENT_SYSVAR_ID: Address =
(B[m[31m-    unsafe { core::mem::transmute(pinocchio::address::address!("SysvarRent111111111111111111111111111111111")) };
(B[m[32m+pub const RENT_SYSVAR_ID: Address = unsafe {
(B[m[32m+    core::mem::transmute(pinocchio::address::address!(
(B[m[32m+        "SysvarRent111111111111111111111111111111111"
(B[m[32m+    ))
(B[m[32m+};
(B[m 
 #[cfg(not(feature = "pinocchio"))]
 pub type AccountType = AccountInfo;
Diff in /mnt/c/Users/hp/Documents/naclac-fw/naclac-core/src/prelude.rs:915:
         }
     }
 }
[31m-
(B[m 
Diff in /mnt/c/Users/hp/Documents/naclac-fw/naclac-core/src/system_program.rs:420:
                 funding: if shortfall == 0 {
                     None
                 } else {
[31m-                    Some(::pinocchio_system::instructions::Funding { from, lamports: shortfall })
(B[m[32m+                    Some(::pinocchio_system::instructions::Funding {
(B[m[32m+                        from,
(B[m[32m+                        lamports: shortfall,
(B[m[32m+                    })
(B[m                 },
             }
             .invoke_signed(signer_seeds)
Diff in /mnt/c/Users/hp/Documents/naclac-fw/naclac-core/src/system_program.rs:457:
         signer_seeds: &[&[&[u8]]],
     ) -> Result<()> {
         pinocchio_signers_from_seeds!(signer_seeds, signers);
[31m-        create_account_unchecked_raw(&from.info.view, &to.info.view, lamports, space, owner, signers)
(B[m[32m+        create_account_unchecked_raw(
(B[m[32m+            &from.info.view,
(B[m[32m+            &to.info.view,
(B[m[32m+            lamports,
(B[m[32m+            space,
(B[m[32m+            owner,
(B[m[32m+            signers,
(B[m[32m+        )
(B[m     }
 
     pub fn create_account(
Diff in /mnt/c/Users/hp/Documents/naclac-fw/naclac-core/src/system_program.rs:481:
         signer_seeds: &[&[&[u8]]],
     ) -> Result<()> {
         pinocchio_signers_from_seeds!(signer_seeds, signers);
[31m-        create_account_checked_raw(&from.info.view, &to.info.view, lamports, space, owner, signers)
(B[m[32m+        create_account_checked_raw(
(B[m[32m+            &from.info.view,
(B[m[32m+            &to.info.view,
(B[m[32m+            lamports,
(B[m[32m+            space,
(B[m[32m+            owner,
(B[m[32m+            signers,
(B[m[32m+        )
(B[m     }
 
     /// Direct entry point for `naclac-macros`' `init`/`init_if_needed`
Diff in /mnt/c/Users/hp/Documents/naclac-fw/naclac-core/src/wrappers/accounts/interface_account.rs:57:
 /// `T::validate_account`.
 #[cfg(all(feature = "borsh", not(feature = "pinocchio")))]
 #[derive(Clone)]
[31m-pub struct InterfaceAccount<T: BorshDeserialize + BorshSerialize + crate::wrappers::Discriminator>
(B[m[31m-{
(B[m[32m+pub struct InterfaceAccount<T: BorshDeserialize + BorshSerialize + crate::wrappers::Discriminator> {
(B[m     pub info: AccountInfo,
     pub data: T,
     // Deliberately private — see `accounts/account.rs`'s `Account<T>` doc
Diff in /mnt/c/Users/hp/Documents/naclac-fw/naclac-core/src/wrappers/accounts/interface_account.rs:67:
 }
 
 #[cfg(all(feature = "borsh", not(feature = "pinocchio")))]
[31m-impl<T: BorshDeserialize + BorshSerialize + crate::wrappers::Discriminator + crate::wrappers::ValidateInterfaceLayout>
(B[m[31m-    InterfaceAccount<T>
(B[m[32m+impl<
(B[m[32m+        T: BorshDeserialize
(B[m[32m+            + BorshSerialize
(B[m[32m+            + crate::wrappers::Discriminator
(B[m[32m+            + crate::wrappers::ValidateInterfaceLayout,
(B[m[32m+    > InterfaceAccount<T>
(B[m {
     pub fn try_from(info: &AccountInfo, index: usize) -> Result<Self> {
         check_interface_owner(info, index).map_err(|e| e.err(index))?;
Diff in /mnt/c/Users/hp/Documents/naclac-fw/naclac-core/src/wrappers/accounts/interface_account.rs:211:
 
 #[cfg(all(feature = "borsh", not(feature = "pinocchio")))]
 impl<
[31m-    T: BorshDeserialize
(B[m[31m-        + BorshSerialize
(B[m[31m-        + crate::wrappers::Discriminator
(B[m[31m-        + crate::wrappers::ValidateInterfaceLayout,
(B[m[31m-> crate::wrappers::NaclacAccount for InterfaceAccount<T>
(B[m[32m+        T: BorshDeserialize
(B[m[32m+            + BorshSerialize
(B[m[32m+            + crate::wrappers::Discriminator
(B[m[32m+            + crate::wrappers::ValidateInterfaceLayout,
(B[m[32m+    > crate::wrappers::NaclacAccount for InterfaceAccount<T>
(B[m {
     #[inline(always)]
     fn try_from(info: &crate::prelude::AccountType, index: usize) -> Result<Self> {
Diff in /mnt/c/Users/hp/Documents/naclac-fw/naclac-core/src/wrappers/accounts/interface_account.rs:242:
 // ===========================================================================
 
 #[cfg(any(feature = "pinocchio", not(feature = "borsh")))]
[31m-use crate::prelude::{AccountInfo, Address, NaclacError, Owner, TOKEN_2022_PROGRAM_ID, TOKEN_PROGRAM_ID};
(B[m[32m+use crate::prelude::{
(B[m[32m+    AccountInfo, Address, NaclacError, Owner, TOKEN_2022_PROGRAM_ID, TOKEN_PROGRAM_ID,
(B[m[32m+};
(B[m #[cfg(any(feature = "pinocchio", not(feature = "borsh")))]
 use crate::wrappers::accounts::NaclacZeroCopy;
 #[cfg(any(feature = "pinocchio", not(feature = "borsh")))]
Diff in /mnt/c/Users/hp/Documents/naclac-fw/naclac-core/src/wrappers/mod.rs:76:
 /// for Token-2022's appended TLV extension region. No-op by default.
 pub trait ValidateInterfaceLayout {
     #[inline(always)]
[31m-    fn validate_interface_layout(_data: &[u8]) -> core::result::Result<(), crate::prelude::NaclacError> {
(B[m[32m+    fn validate_interface_layout(
(B[m[32m+        _data: &[u8],
(B[m[32m+    ) -> core::result::Result<(), crate::prelude::NaclacError> {
(B[m         Ok(())
     }
 }
Diff in /mnt/c/Users/hp/Documents/naclac-fw/naclac-core/src/wrappers/signer.rs:25:
         if !info.is_signer {
             return Err(NaclacError::ConstraintSigner.err(index));
         }
[31m-        Ok(Self {
(B[m[31m-            info: info.clone(),
(B[m[31m-        })
(B[m[32m+        Ok(Self { info: info.clone() })
(B[m     }
 }
 
Diff in /mnt/c/Users/hp/Documents/naclac-fw/naclac-core/src/wrappers/signer.rs:112:
         if !info.is_signer() {
             return Err(NaclacError::ConstraintSigner.err(index));
         }
[31m-        Ok(Self {
(B[m[31m-            view: info.view,
(B[m[31m-        })
(B[m[32m+        Ok(Self { view: info.view })
(B[m     }
 }
 
Diff in /mnt/c/Users/hp/Documents/naclac-fw/naclac-core/src/wrappers/span.rs:80:
         // SAFETY: `i < self.len`, and `ptr` covers `self.len * item_size`
         // bytes (validated by `from_bytes`'s length check, or guaranteed by
         // `new`'s real `&[T]` origin).
[31m-        let bytes =
(B[m[31m-            unsafe { core::slice::from_raw_parts(self.ptr.add(i * item_size), item_size) };
(B[m[32m+        let bytes = unsafe { core::slice::from_raw_parts(self.ptr.add(i * item_size), item_size) };
(B[m         Some(bytemuck::pod_read_unaligned(bytes))
     }
 
Diff in /mnt/c/Users/hp/Documents/naclac-fw/naclac-core/src/wrappers/span.rs:256:
         // bytes each) — must be rejected, not silently truncated.
         let bytes: [u8; 5] = [0, 1, 2, 3, 4];
         let result = Span::<u32>::from_bytes(&bytes);
[31m-        assert!(result.is_err(), "a non-multiple byte length must be rejected");
(B[m[32m+        assert!(
(B[m[32m+            result.is_err(),
(B[m[32m+            "a non-multiple byte length must be rejected"
(B[m[32m+        );
(B[m     }
 
     #[test]
Diff in /mnt/c/Users/hp/Documents/naclac-fw/naclac-core/src/wrappers/span.rs:296:
         // 0xFF is never valid as a UTF-8 lead byte.
         let invalid: [u8; 3] = [0xFF, 0x00, 0x01];
         let result = ZcString::from_bytes(&invalid);
[31m-        assert!(result.is_err(), "invalid UTF-8 bytes must be rejected, not passed through");
(B[m[32m+        assert!(
(B[m[32m+            result.is_err(),
(B[m[32m+            "invalid UTF-8 bytes must be rejected, not passed through"
(B[m[32m+        );
(B[m     }
 
     #[test]
Diff in /mnt/c/Users/hp/Documents/naclac-fw/naclac-idl/src/lib.rs:452:
     }
     let mut pdas: Vec<IdlPdaDef> = pda_map
         .into_iter()
[31m-        .map(|(name, (seeds, program))| IdlPdaDef { name, seeds, program })
(B[m[32m+        .map(|(name, (seeds, program))| IdlPdaDef {
(B[m[32m+            name,
(B[m[32m+            seeds,
(B[m[32m+            program,
(B[m[32m+        })
(B[m         .collect();
     pdas.sort_by(|a, b| a.name.cmp(&b.name));
 
Diff in /mnt/c/Users/hp/Documents/naclac-fw/naclac-idl/src/lib.rs:477:
 /// array can collapse onto a single line (e.g. a discriminator or seed byte
 /// array) rather than one element per line.
 fn is_flat_array(arr: &[Value]) -> bool {
[31m-    arr.iter().all(|v| !matches!(v, Value::Object(_) | Value::Array(_)))
(B[m[32m+    arr.iter()
(B[m[32m+        .all(|v| !matches!(v, Value::Object(_) | Value::Array(_)))
(B[m }
 
 /// `true` if `map` can render as a single-line object: it carries no
Diff in /mnt/c/Users/hp/Documents/naclac-fw/naclac-idl/src/lib.rs:485:
 /// per line, regardless of length — see [`write_docs_array`]) and every
 /// other field value is itself [`is_inlineable`].
 fn is_collapsible_object(map: &serde_json::Map<String, Value>) -> bool {
[31m-    !matches!(map.get("docs"), Some(Value::Array(d)) if !d.is_empty()) && map.values().all(is_inlineable)
(B[m[32m+    !matches!(map.get("docs"), Some(Value::Array(d)) if !d.is_empty())
(B[m[32m+        && map.values().all(is_inlineable)
(B[m }
 
 /// `true` if `v` can sit inline inside a collapsed parent (object or array)
Diff in /mnt/c/Users/hp/Documents/naclac-fw/naclac-idl/src/lib.rs:625:
 /// every field on its own line — unlike [`write_packed_object`], simple
 /// adjacent fields never pack together, so a definition always reads top to
 /// bottom. `"docs"` still renders via [`write_docs_array`].
[31m-fn write_flat_multiline_object(map: &serde_json::Map<String, Value>, indent: usize, out: &mut String) {
(B[m[32m+fn write_flat_multiline_object(
(B[m[32m+    map: &serde_json::Map<String, Value>,
(B[m[32m+    indent: usize,
(B[m[32m+    out: &mut String,
(B[m[32m+) {
(B[m     out.push_str("{\n");
     let child_indent = indent + 2;
     let n = map.len();
Diff in /mnt/c/Users/hp/Documents/naclac-fw/naclac-idl/src/lib.rs:717:
         out.push_str(": ");
         let force_child = matches!(
             k.as_str(),
[31m-            "metadata" | "instructions" | "accounts" | "events" | "errors" | "constants" | "definedTypes"
(B[m[32m+            "metadata"
(B[m[32m+                | "instructions"
(B[m[32m+                | "accounts"
(B[m[32m+                | "events"
(B[m[32m+                | "errors"
(B[m[32m+                | "constants"
(B[m[32m+                | "definedTypes"
(B[m         );
         write_compact_pretty(val, indent, force_child, out);
         if i + 1 < n {
Diff in /mnt/c/Users/hp/Documents/naclac-fw/naclac-idl/src/program_metadata/header.rs:110:
         let mut bytes = vec![0u8; HEADER_LEN];
         bytes[0] = discriminator;
         bytes[1..33].copy_from_slice(&[7u8; 32]); // program
[31m-        // authority left zero (None)
(B[m[32m+                                                  // authority left zero (None)
(B[m         bytes[65] = 1; // mutable
         bytes[66] = 1; // canonical
         bytes[67..83].copy_from_slice(b"idl\0\0\0\0\0\0\0\0\0\0\0\0\0");
Diff in /mnt/c/Users/hp/Documents/naclac-fw/naclac-idl/src/program_metadata/instructions.rs:348:
         assert_eq!(ix.accounts[0], AccountMeta::new(buffer, false));
         assert_eq!(ix.accounts[1], AccountMeta::new_readonly(authority, true));
         assert_eq!(ix.accounts[2], AccountMeta::new_readonly(program, false));
[31m-        assert_eq!(ix.accounts[3], AccountMeta::new_readonly(program_data, false));
(B[m         assert_eq!(
[32m+            ix.accounts[3],
(B[m[32m+            AccountMeta::new_readonly(program_data, false)
(B[m[32m+        );
(B[m[32m+        assert_eq!(
(B[m             ix.accounts[4],
             AccountMeta::new_readonly(solana_system_interface::program::id(), false)
         );
Diff in /mnt/c/Users/hp/Documents/naclac-fw/naclac-idl/src/program_metadata/instructions.rs:413:
         assert_eq!(ix.accounts[0], AccountMeta::new(metadata, false));
         assert_eq!(ix.accounts[1], AccountMeta::new_readonly(authority, true));
         assert_eq!(ix.accounts[2], AccountMeta::new_readonly(program, false));
[31m-        assert_eq!(ix.accounts[3], AccountMeta::new_readonly(program_data, false));
(B[m         assert_eq!(
[32m+            ix.accounts[3],
(B[m[32m+            AccountMeta::new_readonly(program_data, false)
(B[m[32m+        );
(B[m[32m+        assert_eq!(
(B[m             ix.accounts[4],
             AccountMeta::new_readonly(solana_system_interface::program::id(), false)
         );
Diff in /mnt/c/Users/hp/Documents/naclac-fw/naclac-idl/src/program_metadata/instructions.rs:491:
             AccountMeta::new_readonly(PROGRAM_METADATA_ID, false)
         );
         assert_eq!(ix.accounts[3], AccountMeta::new_readonly(program, false));
[31m-        assert_eq!(ix.accounts[4], AccountMeta::new_readonly(program_data, false));
(B[m[32m+        assert_eq!(
(B[m[32m+            ix.accounts[4],
(B[m[32m+            AccountMeta::new_readonly(program_data, false)
(B[m[32m+        );
(B[m 
         // discriminator(1) + encoding(1) + compression(1) + format(1)
         // + data_source(1) + raw payload bytes, no length prefix.
Diff in /mnt/c/Users/hp/Documents/naclac-fw/naclac-idl/src/program_metadata/instructions.rs:568:
         // compression + format), no data_source, no trailing data.
         assert_eq!(
             ix.data,
[31m-            vec![SET_DATA_DISCRIMINATOR, encoding::UTF8, compression::ZLIB, format::JSON]
(B[m[32m+            vec![
(B[m[32m+                SET_DATA_DISCRIMINATOR,
(B[m[32m+                encoding::UTF8,
(B[m[32m+                compression::ZLIB,
(B[m[32m+                format::JSON
(B[m[32m+            ]
(B[m         );
     }
 
Diff in /mnt/c/Users/hp/Documents/naclac-fw/naclac-idl/src/program_metadata/instructions.rs:580:
         let program_data = addr(4);
         let new_authority = addr(5);
 
[31m-        let ix = set_authority(&account, &authority, &program, &program_data, Some(&new_authority));
(B[m[32m+        let ix = set_authority(
(B[m[32m+            &account,
(B[m[32m+            &authority,
(B[m[32m+            &program,
(B[m[32m+            &program_data,
(B[m[32m+            Some(&new_authority),
(B[m[32m+        );
(B[m 
         assert_eq!(ix.accounts.len(), 4);
         assert_eq!(ix.accounts[0], AccountMeta::new(account, false));
Diff in /mnt/c/Users/hp/Documents/naclac-fw/naclac-idl/src/program_metadata/instructions.rs:587:
         assert_eq!(ix.accounts[1], AccountMeta::new_readonly(authority, true));
         assert_eq!(ix.accounts[2], AccountMeta::new_readonly(program, false));
[31m-        assert_eq!(ix.accounts[3], AccountMeta::new_readonly(program_data, false));
(B[m[32m+        assert_eq!(
(B[m[32m+            ix.accounts[3],
(B[m[32m+            AccountMeta::new_readonly(program_data, false)
(B[m[32m+        );
(B[m 
         // discriminator(1) + has_new_authority(1, =1) + raw new authority bytes(32).
         let mut expected = vec![SET_AUTHORITY_DISCRIMINATOR, 1];
Diff in /mnt/c/Users/hp/Documents/naclac-fw/naclac-idl/src/program_metadata/instructions.rs:620:
         assert_eq!(ix.accounts[0], AccountMeta::new(metadata, false));
         assert_eq!(ix.accounts[1], AccountMeta::new_readonly(authority, true));
         assert_eq!(ix.accounts[2], AccountMeta::new_readonly(program, false));
[31m-        assert_eq!(ix.accounts[3], AccountMeta::new_readonly(program_data, false));
(B[m[32m+        assert_eq!(
(B[m[32m+            ix.accounts[3],
(B[m[32m+            AccountMeta::new_readonly(program_data, false)
(B[m[32m+        );
(B[m         assert_eq!(ix.data, vec![SET_IMMUTABLE_DISCRIMINATOR]);
     }
 
Diff in /mnt/c/Users/hp/Documents/naclac-fw/naclac-idl/src/program_metadata/instructions.rs:638:
         assert_eq!(ix.accounts[0], AccountMeta::new(account, false));
         assert_eq!(ix.accounts[1], AccountMeta::new_readonly(authority, true));
         assert_eq!(ix.accounts[2], AccountMeta::new_readonly(program, false));
[31m-        assert_eq!(ix.accounts[3], AccountMeta::new_readonly(program_data, false));
(B[m[32m+        assert_eq!(
(B[m[32m+            ix.accounts[3],
(B[m[32m+            AccountMeta::new_readonly(program_data, false)
(B[m[32m+        );
(B[m         assert_eq!(ix.accounts[4], AccountMeta::new(destination, false));
[31m-        assert_eq!(ix.accounts[5], AccountMeta::new_readonly(RENT_SYSVAR_ID, false));
(B[m[32m+        assert_eq!(
(B[m[32m+            ix.accounts[5],
(B[m[32m+            AccountMeta::new_readonly(RENT_SYSVAR_ID, false)
(B[m[32m+        );
(B[m         assert_eq!(ix.data, vec![TRIM_DISCRIMINATOR]);
     }
 
Diff in /mnt/c/Users/hp/Documents/naclac-fw/naclac-idl/src/program_metadata/instructions.rs:658:
         assert_eq!(ix.accounts[0], AccountMeta::new(account, false));
         assert_eq!(ix.accounts[1], AccountMeta::new_readonly(authority, true));
         assert_eq!(ix.accounts[2], AccountMeta::new_readonly(program, false));
[31m-        assert_eq!(ix.accounts[3], AccountMeta::new_readonly(program_data, false));
(B[m[32m+        assert_eq!(
(B[m[32m+            ix.accounts[3],
(B[m[32m+            AccountMeta::new_readonly(program_data, false)
(B[m[32m+        );
(B[m         assert_eq!(ix.accounts[4], AccountMeta::new(destination, false));
         assert_eq!(ix.data, vec![CLOSE_DISCRIMINATOR]);
     }
Diff in /mnt/c/Users/hp/Documents/naclac-fw/naclac-idl/src/program_metadata/mod.rs:9:
 //! unverified-wrapper risk (custom zero-sentinel Option/PDA types that would
 //! need the same byte-for-byte verification before they could be trusted).
 
[31m-mod instructions;
(B[m pub mod header;
[32m+mod instructions;
(B[m 
 pub use instructions::*;
 
Diff in /mnt/c/Users/hp/Documents/naclac-fw/naclac-idl/src/program_metadata/mod.rs:69:
 /// an arbitrary signer rather than the program's upgrade authority. Matches
 /// the on-chain program's own derivation exactly (`[program_id, authority,
 /// seed]`, owned by [`PROGRAM_METADATA_ID`]).
[31m-pub fn derive_metadata_pda(program_id: &Address, authority: &Address, seed: &Seed) -> (Address, u8) {
(B[m[32m+pub fn derive_metadata_pda(
(B[m[32m+    program_id: &Address,
(B[m[32m+    authority: &Address,
(B[m[32m+    seed: &Seed,
(B[m[32m+) -> (Address, u8) {
(B[m     Address::find_program_address(
         &[program_id.as_ref(), authority.as_ref(), seed.as_ref()],
         &PROGRAM_METADATA_ID,
Diff in /mnt/c/Users/hp/Documents/naclac-fw/naclac-macros/src/accounts.rs:270:
 
         if is_zero_copy
             && matches!(
[31m-                crate::type_classify::base_ident(ty).as_ref().map(syn::Ident::to_string).as_deref(),
(B[m[32m+                crate::type_classify::base_ident(ty)
(B[m[32m+                    .as_ref()
(B[m[32m+                    .map(syn::Ident::to_string)
(B[m[32m+                    .as_deref(),
(B[m                 Some("Vec") | Some("String")
             )
         {
Diff in /mnt/c/Users/hp/Documents/naclac-fw/naclac-macros/src/accounts.rs:529:
         let is_spl_type = crate::type_classify::inner_is(&field.ty, "TokenAccount")
             || crate::type_classify::inner_is(&field.ty, "Mint");
         let is_zero_copy_field = security::is_zero_copy_account_field(&field.ty, is_zero_copy);
[31m-        let is_borsh_field = !is_zero_copy && crate::type_classify::is_exactly(&field.ty, "Account");
(B[m[32m+        let is_borsh_field =
(B[m[32m+            !is_zero_copy && crate::type_classify::is_exactly(&field.ty, "Account");
(B[m 
         if (is_zero_copy_field || is_borsh_field)
             && !is_spl_type
Diff in /mnt/c/Users/hp/Documents/naclac-fw/naclac-macros/src/component.rs:80:
             if is_zero_copy {
                 let ty = &field.ty;
                 if matches!(
[31m-                    crate::type_classify::base_ident(ty).as_ref().map(syn::Ident::to_string).as_deref(),
(B[m[32m+                    crate::type_classify::base_ident(ty)
(B[m[32m+                        .as_ref()
(B[m[32m+                        .map(syn::Ident::to_string)
(B[m[32m+                        .as_deref(),
(B[m                     Some("Vec") | Some("String")
                 ) {
                     let field_name = field
Diff in /mnt/c/Users/hp/Documents/naclac-fw/naclac-macros/src/event.rs:120:
     };
 
     if use_alloc {
[31m-        return expand_alloc(&ast, struct_name, [b0, b1, b2, b3, b4, b5, b6, b7], is_zero_copy);
(B[m[32m+        return expand_alloc(
(B[m[32m+            &ast,
(B[m[32m+            struct_name,
(B[m[32m+            [b0, b1, b2, b3, b4, b5, b6, b7],
(B[m[32m+            is_zero_copy,
(B[m[32m+        );
(B[m     }
 
     // --- Size/alignment for automatic padding, computed by the COMPILER via
Diff in /mnt/c/Users/hp/Documents/naclac-fw/naclac-macros/src/instruction/close_account.rs:29:
             }
 
             let target_ident = &field.ident;
[31m-            let target_info = quote! { naclac_lang::prelude::ToAccountInfo::to_account_info(__target) };
(B[m[32m+            let target_info =
(B[m[32m+                quote! { naclac_lang::prelude::ToAccountInfo::to_account_info(__target) };
(B[m 
             let dest_ident = dest;
             let dest_info =
Diff in /mnt/c/Users/hp/Documents/naclac-fw/naclac-macros/src/instruction/init_cpi.rs:10:
 use syn::Type;
 
 fn extract_inner_type(ty: &Type) -> TokenStream {
[31m-    let is_box = matches!(ty, Type::Path(p) if p.path.segments.last().is_some_and(|s| s.ident == "Box"));
(B[m[32m+    let is_box =
(B[m[32m+        matches!(ty, Type::Path(p) if p.path.segments.last().is_some_and(|s| s.ident == "Box"));
(B[m     let unboxed = if is_box {
         crate::type_classify::first_generic_type(ty).unwrap_or(ty)
     } else {
Diff in /mnt/c/Users/hp/Documents/naclac-fw/naclac-macros/src/instruction/init_cpi.rs:99:
 ) -> TokenStream {
     if let Some(seed_array) = &field.pda_seed {
         let field_ident = &field.ident;
[31m-        let seed_bindings: Vec<TokenStream> = seed_array.elems.iter().enumerate().map(|(i, expr)| {
(B[m[31m-            let ident = format_ident!("__seed_{}_{}", field_ident, i);
(B[m[31m-            crate::instruction::security::seed_binding_tokens(expr, &ident, field.index, all_fields, is_zero_copy)
(B[m[31m-        }).collect();
(B[m[32m+        let seed_bindings: Vec<TokenStream> = seed_array
(B[m[32m+            .elems
(B[m[32m+            .iter()
(B[m[32m+            .enumerate()
(B[m[32m+            .map(|(i, expr)| {
(B[m[32m+                let ident = format_ident!("__seed_{}_{}", field_ident, i);
(B[m[32m+                crate::instruction::security::seed_binding_tokens(
(B[m[32m+                    expr,
(B[m[32m+                    &ident,
(B[m[32m+                    field.index,
(B[m[32m+                    all_fields,
(B[m[32m+                    is_zero_copy,
(B[m[32m+                )
(B[m[32m+            })
(B[m[32m+            .collect();
(B[m         let seed_refs: Vec<TokenStream> = seed_array
             .elems
             .iter()
Diff in /mnt/c/Users/hp/Documents/naclac-fw/naclac-macros/src/instruction/init_cpi.rs:186:
     };
 
     let field_ident = &payer_field.ident;
[31m-    let seed_bindings: Vec<TokenStream> = seed_array.elems.iter().enumerate().map(|(i, expr)| {
(B[m[31m-        let ident = format_ident!("__payer_seed_{}_{}", field_ident, i);
(B[m[31m-        crate::instruction::security::seed_binding_tokens(expr, &ident, payer_field.index, all_fields, is_zero_copy)
(B[m[31m-    }).collect();
(B[m[32m+    let seed_bindings: Vec<TokenStream> = seed_array
(B[m[32m+        .elems
(B[m[32m+        .iter()
(B[m[32m+        .enumerate()
(B[m[32m+        .map(|(i, expr)| {
(B[m[32m+            let ident = format_ident!("__payer_seed_{}_{}", field_ident, i);
(B[m[32m+            crate::instruction::security::seed_binding_tokens(
(B[m[32m+                expr,
(B[m[32m+                &ident,
(B[m[32m+                payer_field.index,
(B[m[32m+                all_fields,
(B[m[32m+                is_zero_copy,
(B[m[32m+            )
(B[m[32m+        })
(B[m[32m+        .collect();
(B[m     let seed_refs: Vec<TokenStream> = seed_array
         .elems
         .iter()
Diff in /mnt/c/Users/hp/Documents/naclac-fw/naclac-macros/src/instruction/init_cpi.rs:245:
     let signer_seeds_logic = signer_seeds_tokens(field, all_fields, is_zero_copy);
 
     // Compile-time static index lookup for system program
[31m-    let system_program_idx = match all_fields.iter().position(|f| {
(B[m[31m-        program_marker_ident(&f.ty).as_deref() == Some("System")
(B[m[31m-    }) {
(B[m[32m+    let system_program_idx = match all_fields
(B[m[32m+        .iter()
(B[m[32m+        .position(|f| program_marker_ident(&f.ty).as_deref() == Some("System"))
(B[m[32m+    {
(B[m         Some(idx) => idx,
         None => {
             return syn::Error::new_spanned(
Diff in /mnt/c/Users/hp/Documents/naclac-fw/naclac-macros/src/instruction/init_cpi.rs:475:
             Err(err) => return err,
         };
 
[31m-        let associated_token_program_idx = match all_fields.iter().position(|f| {
(B[m[31m-            program_marker_ident(&f.ty).as_deref() == Some("AssociatedToken")
(B[m[31m-        }) {
(B[m[32m+        let associated_token_program_idx = match all_fields
(B[m[32m+            .iter()
(B[m[32m+            .position(|f| program_marker_ident(&f.ty).as_deref() == Some("AssociatedToken"))
(B[m[32m+        {
(B[m             Some(idx) => idx,
             None => {
                 return syn::Error::new_spanned(
Diff in /mnt/c/Users/hp/Documents/naclac-fw/naclac-macros/src/instruction/init_cpi.rs:548:
         // `signer_seeds_tokens` resolves `field`'s own seeds, just anchored
         // to whichever field `payer` names instead of `field` itself.
         let payer_field = if let syn::Expr::Path(expr_path) = &init_config.payer {
[31m-            expr_path.path.get_ident().and_then(|ident| all_fields.iter().find(|f| &f.ident == ident))
(B[m[32m+            expr_path
(B[m[32m+                .path
(B[m[32m+                .get_ident()
(B[m[32m+                .and_then(|ident| all_fields.iter().find(|f| &f.ident == ident))
(B[m         } else {
             None
         };
Diff in /mnt/c/Users/hp/Documents/naclac-fw/naclac-macros/src/instruction/init_cpi.rs:566:
         // (e.g. `pump_amm::create_pool`'s own `pool_base_token_account`).
         let payer_signer_seeds_logic = if field.extra_accounts.is_some() {
             match payer_field {
[31m-                Some(pf) if pf.pda_seed.is_some() => payer_signer_seeds_tokens(pf, all_fields, is_zero_copy),
(B[m[32m+                Some(pf) if pf.pda_seed.is_some() => {
(B[m[32m+                    payer_signer_seeds_tokens(pf, all_fields, is_zero_copy)
(B[m[32m+                }
(B[m                 _ => quote! { let __payer_signer_seeds: &[&[&[u8]]] = &[]; },
             }
         } else {
Diff in /mnt/c/Users/hp/Documents/naclac-fw/naclac-macros/src/instruction/parser.rs:137:
                     .cloned()
                     .unwrap_or(raw_ty);
                 ParsedField {
[31m-                ident: field.ident.clone().unwrap(),
(B[m[31m-                ty,
(B[m[31m-                is_optional,
(B[m[31m-                is_signer: false,
(B[m[31m-                is_mut: false,
(B[m[31m-                is_alias: false,
(B[m[31m-                is_executable: false,
(B[m[31m-                is_rent_exempt: false,
(B[m[31m-                pda_program: None,
(B[m[31m-                pda_seed: None,
(B[m[31m-                pda_bump: None,
(B[m[31m-                init_config: None,
(B[m[31m-                is_init_if_needed: false,
(B[m[31m-                close_destination: None,
(B[m[31m-                relations: Vec::new(),
(B[m[31m-                owner: None,
(B[m[31m-                address: None,
(B[m[31m-                realloc: None,
(B[m[31m-                token_mint: None,
(B[m[31m-                token_authority: None,
(B[m[31m-                token_program: None,
(B[m[31m-                mint_decimals: None,
(B[m[31m-                mint_authority: None,
(B[m[31m-                mint_freeze_authority: None,
(B[m[31m-                associated_token_mint: None,
(B[m[31m-                associated_token_authority: None,
(B[m[31m-                associated_token_bump: None,
(B[m[31m-                extra_accounts: None,
(B[m[31m-                index: idx,
(B[m[31m-                parse_error: Some(err),
(B[m[32m+                    ident: field.ident.clone().unwrap(),
(B[m[32m+                    ty,
(B[m[32m+                    is_optional,
(B[m[32m+                    is_signer: false,
(B[m[32m+                    is_mut: false,
(B[m[32m+                    is_alias: false,
(B[m[32m+                    is_executable: false,
(B[m[32m+                    is_rent_exempt: false,
(B[m[32m+                    pda_program: None,
(B[m[32m+                    pda_seed: None,
(B[m[32m+                    pda_bump: None,
(B[m[32m+                    init_config: None,
(B[m[32m+                    is_init_if_needed: false,
(B[m[32m+                    close_destination: None,
(B[m[32m+                    relations: Vec::new(),
(B[m[32m+                    owner: None,
(B[m[32m+                    address: None,
(B[m[32m+                    realloc: None,
(B[m[32m+                    token_mint: None,
(B[m[32m+                    token_authority: None,
(B[m[32m+                    token_program: None,
(B[m[32m+                    mint_decimals: None,
(B[m[32m+                    mint_authority: None,
(B[m[32m+                    mint_freeze_authority: None,
(B[m[32m+                    associated_token_mint: None,
(B[m[32m+                    associated_token_authority: None,
(B[m[32m+                    associated_token_bump: None,
(B[m[32m+                    extra_accounts: None,
(B[m[32m+                    index: idx,
(B[m[32m+                    parse_error: Some(err),
(B[m                 }
             }
         };
Diff in /mnt/c/Users/hp/Documents/naclac-fw/naclac-macros/src/instruction/parser.rs:219:
         .cloned()
         .unwrap_or(raw_ty);
 
[31m-        let mut is_signer = false;
(B[m[31m-        let mut is_mut = false;
(B[m[31m-        let mut is_alias = false;
(B[m[31m-        let mut is_executable = false;
(B[m[31m-        let mut is_rent_exempt = false;
(B[m[31m-        let mut pda_program = None;
(B[m[31m-        let mut pda_seed = None;
(B[m[31m-        let mut pda_bump = None;
(B[m[31m-        let mut init_config = None;
(B[m[31m-        let mut is_init = false;
(B[m[31m-        let mut is_init_if_needed = false;
(B[m[31m-        let mut close_destination = None;
(B[m[31m-        let mut init_payer: Option<syn::Expr> = None;
(B[m[31m-        let mut init_space: Option<syn::Expr> = None;
(B[m[31m-        let mut realloc_space: Option<syn::Expr> = None;
(B[m[31m-        let mut realloc_payer: Option<Ident> = None;
(B[m[31m-        let mut realloc_zero = false;
(B[m[31m-        let mut relations = Vec::new();
(B[m[31m-        let mut owner = None;
(B[m[31m-        let mut address = None;
(B[m[31m-        let mut realloc = None;
(B[m[31m-        let mut token_mint: Option<syn::Expr> = None;
(B[m[31m-        let mut token_authority: Option<syn::Expr> = None;
(B[m[31m-        let mut token_program: Option<syn::Expr> = None;
(B[m[31m-        let mut mint_decimals: Option<syn::Expr> = None;
(B[m[31m-        let mut mint_authority: Option<syn::Expr> = None;
(B[m[31m-        let mut mint_freeze_authority: Option<syn::Expr> = None;
(B[m[31m-        let mut associated_token_mint: Option<syn::Expr> = None;
(B[m[31m-        let mut associated_token_authority: Option<syn::Expr> = None;
(B[m[31m-        let mut associated_token_bump: Option<syn::Expr> = None;
(B[m[31m-        let mut extra_accounts: Option<syn::ExprArray> = None;
(B[m[32m+    let mut is_signer = false;
(B[m[32m+    let mut is_mut = false;
(B[m[32m+    let mut is_alias = false;
(B[m[32m+    let mut is_executable = false;
(B[m[32m+    let mut is_rent_exempt = false;
(B[m[32m+    let mut pda_program = None;
(B[m[32m+    let mut pda_seed = None;
(B[m[32m+    let mut pda_bump = None;
(B[m[32m+    let mut init_config = None;
(B[m[32m+    let mut is_init = false;
(B[m[32m+    let mut is_init_if_needed = false;
(B[m[32m+    let mut close_destination = None;
(B[m[32m+    let mut init_payer: Option<syn::Expr> = None;
(B[m[32m+    let mut init_space: Option<syn::Expr> = None;
(B[m[32m+    let mut realloc_space: Option<syn::Expr> = None;
(B[m[32m+    let mut realloc_payer: Option<Ident> = None;
(B[m[32m+    let mut realloc_zero = false;
(B[m[32m+    let mut relations = Vec::new();
(B[m[32m+    let mut owner = None;
(B[m[32m+    let mut address = None;
(B[m[32m+    let mut realloc = None;
(B[m[32m+    let mut token_mint: Option<syn::Expr> = None;
(B[m[32m+    let mut token_authority: Option<syn::Expr> = None;
(B[m[32m+    let mut token_program: Option<syn::Expr> = None;
(B[m[32m+    let mut mint_decimals: Option<syn::Expr> = None;
(B[m[32m+    let mut mint_authority: Option<syn::Expr> = None;
(B[m[32m+    let mut mint_freeze_authority: Option<syn::Expr> = None;
(B[m[32m+    let mut associated_token_mint: Option<syn::Expr> = None;
(B[m[32m+    let mut associated_token_authority: Option<syn::Expr> = None;
(B[m[32m+    let mut associated_token_bump: Option<syn::Expr> = None;
(B[m[32m+    let mut extra_accounts: Option<syn::ExprArray> = None;
(B[m 
[31m-        for attr in &field.attrs {
(B[m[31m-            if attr.path().is_ident("account") {
(B[m[31m-                attr.parse_nested_meta(|meta| {
(B[m[32m+    for attr in &field.attrs {
(B[m[32m+        if attr.path().is_ident("account") {
(B[m[32m+            attr.parse_nested_meta(|meta| {
(B[m                     if meta.path.is_ident("signer") {
                         is_signer = true;
                         return Ok(());
Diff in /mnt/c/Users/hp/Documents/naclac-fw/naclac-macros/src/instruction/parser.rs:477:
 
                     Ok(())
                 })?;
[31m-            }
(B[m         }
[32m+    }
(B[m 
[31m-        // `init`/`init_if_needed` and `payer =` must appear together or not
(B[m[31m-        // at all — previously independent, which let `payer = wallet` alone
(B[m[31m-        // (no `init` keyword) silently run a full account-creation CPI with
(B[m[31m-        // `is_mut` left false (excluding the field from duplicate-mutable-
(B[m[31m-        // account protection even though it's being written via CPI this
(B[m[31m-        // call), and let `init` alone (no `payer =`) silently generate zero
(B[m[31m-        // creation logic at all (`generate_init_cpi` returns `quote!{}`
(B[m[31m-        // when `init_config` is `None`) with no compile-time signal that
(B[m[31m-        // `init` did nothing. See
(B[m[31m-        // `naclac-macros/docs/derive-accounts-gaps-audit.md`'s gap #2.
(B[m[31m-        match (is_init || is_init_if_needed, init_payer) {
(B[m[31m-            (true, Some(payer)) => {
(B[m[31m-                init_config = Some(InitConfig { payer, space: init_space });
(B[m[31m-            }
(B[m[31m-            (true, None) => {
(B[m[31m-                return Err(syn::Error::new_spanned(
(B[m[31m-                    &ident,
(B[m[31m-                    "Naclac Error: `init`/`init_if_needed` requires `payer = <account>` on the \
(B[m[32m+    // `init`/`init_if_needed` and `payer =` must appear together or not
(B[m[32m+    // at all — previously independent, which let `payer = wallet` alone
(B[m[32m+    // (no `init` keyword) silently run a full account-creation CPI with
(B[m[32m+    // `is_mut` left false (excluding the field from duplicate-mutable-
(B[m[32m+    // account protection even though it's being written via CPI this
(B[m[32m+    // call), and let `init` alone (no `payer =`) silently generate zero
(B[m[32m+    // creation logic at all (`generate_init_cpi` returns `quote!{}`
(B[m[32m+    // when `init_config` is `None`) with no compile-time signal that
(B[m[32m+    // `init` did nothing. See
(B[m[32m+    // `naclac-macros/docs/derive-accounts-gaps-audit.md`'s gap #2.
(B[m[32m+    match (is_init || is_init_if_needed, init_payer) {
(B[m[32m+        (true, Some(payer)) => {
(B[m[32m+            init_config = Some(InitConfig {
(B[m[32m+                payer,
(B[m[32m+                space: init_space,
(B[m[32m+            });
(B[m[32m+        }
(B[m[32m+        (true, None) => {
(B[m[32m+            return Err(syn::Error::new_spanned(
(B[m[32m+                &ident,
(B[m[32m+                "Naclac Error: `init`/`init_if_needed` requires `payer = <account>` on the \
(B[m                      same field — without it, no account-creation CPI is generated at all, and \
                      this field would silently behave as an ordinary (non-created) account.",
[31m-                ));
(B[m[31m-            }
(B[m[31m-            (false, Some(_)) => {
(B[m[31m-                return Err(syn::Error::new_spanned(
(B[m[31m-                    &ident,
(B[m[31m-                    "Naclac Error: `payer = ...` has no effect without `init` or \
(B[m[32m+            ));
(B[m[32m+        }
(B[m[32m+        (false, Some(_)) => {
(B[m[32m+            return Err(syn::Error::new_spanned(
(B[m[32m+                &ident,
(B[m[32m+                "Naclac Error: `payer = ...` has no effect without `init` or \
(B[m                      `init_if_needed` on the same field. Add `init` (or `init_if_needed`) \
                      explicitly.",
[31m-                ));
(B[m[31m-            }
(B[m[31m-            (false, None) => {}
(B[m[32m+            ));
(B[m         }
[31m-        if let (Some(space), Some(payer)) = (realloc_space, realloc_payer) {
(B[m[31m-            realloc = Some(ReallocConfig { space, payer, zero: realloc_zero });
(B[m[31m-        }
(B[m[32m+        (false, None) => {}
(B[m[32m+    }
(B[m[32m+    if let (Some(space), Some(payer)) = (realloc_space, realloc_payer) {
(B[m[32m+        realloc = Some(ReallocConfig {
(B[m[32m+            space,
(B[m[32m+            payer,
(B[m[32m+            zero: realloc_zero,
(B[m[32m+        });
(B[m[32m+    }
(B[m 
[31m-        // `init`/`init_if_needed` combined with `seeds::program = X` has no
(B[m[31m-        // valid use: the account-creation CPI's `invoke_signed` always signs
(B[m[31m-        // under the currently executing program (that's inherent to Solana's
(B[m[31m-        // CPI signing model — there is no way to sign as a different program
(B[m[31m-        // X), so if X differs from the current program this can never
(B[m[31m-        // satisfy the signature check and fails at runtime every time; if X
(B[m[31m-        // happens to equal the current program, `seeds::program` is entirely
(B[m[31m-        // redundant (the default already uses the current program). Either
(B[m[31m-        // way, writing it alongside `init`/`init_if_needed` is always a
(B[m[31m-        // mistake, so it's rejected at compile time here rather than
(B[m[31m-        // failing opaquely at runtime (or silently succeeding-by-redundancy
(B[m[31m-        // and misleading a reader into thinking it does something).
(B[m[31m-        if (is_init || is_init_if_needed) && pda_program.is_some() {
(B[m[31m-            return Err(syn::Error::new_spanned(
(B[m[31m-                &ident,
(B[m[31m-                "Naclac Error: `init`/`init_if_needed` cannot be combined with `seeds::program = \
(B[m[32m+    // `init`/`init_if_needed` combined with `seeds::program = X` has no
(B[m[32m+    // valid use: the account-creation CPI's `invoke_signed` always signs
(B[m[32m+    // under the currently executing program (that's inherent to Solana's
(B[m[32m+    // CPI signing model — there is no way to sign as a different program
(B[m[32m+    // X), so if X differs from the current program this can never
(B[m[32m+    // satisfy the signature check and fails at runtime every time; if X
(B[m[32m+    // happens to equal the current program, `seeds::program` is entirely
(B[m[32m+    // redundant (the default already uses the current program). Either
(B[m[32m+    // way, writing it alongside `init`/`init_if_needed` is always a
(B[m[32m+    // mistake, so it's rejected at compile time here rather than
(B[m[32m+    // failing opaquely at runtime (or silently succeeding-by-redundancy
(B[m[32m+    // and misleading a reader into thinking it does something).
(B[m[32m+    if (is_init || is_init_if_needed) && pda_program.is_some() {
(B[m[32m+        return Err(syn::Error::new_spanned(
(B[m[32m+            &ident,
(B[m[32m+            "Naclac Error: `init`/`init_if_needed` cannot be combined with `seeds::program = \
(B[m                  ...` on the same field — the account-creation CPI always signs under the \
                  currently executing program, so a `seeds::program` pointing anywhere else can \
                  never satisfy the signature check, and pointing at the current program is \
Diff in /mnt/c/Users/hp/Documents/naclac-fw/naclac-macros/src/instruction/parser.rs:538:
                  redundant. Remove `seeds::program` here.",
[31m-            ));
(B[m[31m-        }
(B[m[32m+        ));
(B[m[32m+    }
(B[m 
[31m-        let mut final_address = address;
(B[m[31m-        if final_address.is_none() {
(B[m[31m-            if crate::type_classify::is_exactly(&ty, "Program") {
(B[m[31m-                if crate::type_classify::inner_is(&ty, "Token2022") {
(B[m[31m-                    final_address = Some(
(B[m[31m-                        syn::parse_str("naclac_lang::prelude::TOKEN_2022_PROGRAM_ID").unwrap(),
(B[m[31m-                    );
(B[m[31m-                } else if crate::type_classify::inner_is(&ty, "Token") {
(B[m[31m-                    final_address =
(B[m[31m-                        Some(syn::parse_str("naclac_lang::prelude::TOKEN_PROGRAM_ID").unwrap());
(B[m[31m-                } else if crate::type_classify::inner_is(&ty, "System") {
(B[m[31m-                    final_address =
(B[m[31m-                        Some(syn::parse_str("naclac_lang::prelude::SYSTEM_PROGRAM_ID").unwrap());
(B[m[31m-                } else if crate::type_classify::inner_is(&ty, "AssociatedToken") {
(B[m[31m-                    final_address = Some(
(B[m[31m-                        syn::parse_str("naclac_lang::prelude::ASSOCIATED_TOKEN_PROGRAM_ID")
(B[m[31m-                            .unwrap(),
(B[m[31m-                    );
(B[m[31m-                }
(B[m[31m-            } else if crate::type_classify::is_exactly(&ty, "Rent") {
(B[m[31m-                final_address = Some(syn::parse_str("naclac_lang::prelude::RENT_SYSVAR_ID").unwrap());
(B[m[32m+    let mut final_address = address;
(B[m[32m+    if final_address.is_none() {
(B[m[32m+        if crate::type_classify::is_exactly(&ty, "Program") {
(B[m[32m+            if crate::type_classify::inner_is(&ty, "Token2022") {
(B[m[32m+                final_address =
(B[m[32m+                    Some(syn::parse_str("naclac_lang::prelude::TOKEN_2022_PROGRAM_ID").unwrap());
(B[m[32m+            } else if crate::type_classify::inner_is(&ty, "Token") {
(B[m[32m+                final_address =
(B[m[32m+                    Some(syn::parse_str("naclac_lang::prelude::TOKEN_PROGRAM_ID").unwrap());
(B[m[32m+            } else if crate::type_classify::inner_is(&ty, "System") {
(B[m[32m+                final_address =
(B[m[32m+                    Some(syn::parse_str("naclac_lang::prelude::SYSTEM_PROGRAM_ID").unwrap());
(B[m[32m+            } else if crate::type_classify::inner_is(&ty, "AssociatedToken") {
(B[m[32m+                final_address = Some(
(B[m[32m+                    syn::parse_str("naclac_lang::prelude::ASSOCIATED_TOKEN_PROGRAM_ID").unwrap(),
(B[m[32m+                );
(B[m             }
[32m+        } else if crate::type_classify::is_exactly(&ty, "Rent") {
(B[m[32m+            final_address = Some(syn::parse_str("naclac_lang::prelude::RENT_SYSVAR_ID").unwrap());
(B[m         }
[32m+    }
(B[m 
[31m-        if crate::type_classify::is_exactly(&ty, "AccountInfo") && !has_safety_doc_comment(&field.attrs) {
(B[m[31m-            return Err(syn::Error::new_spanned(
(B[m[31m-                &ident,
(B[m[31m-                "Naclac Error: `AccountInfo` fields receive no automatic validation. \
(B[m[32m+    if crate::type_classify::is_exactly(&ty, "AccountInfo") && !has_safety_doc_comment(&field.attrs)
(B[m[32m+    {
(B[m[32m+        return Err(syn::Error::new_spanned(
(B[m[32m+            &ident,
(B[m[32m+            "Naclac Error: `AccountInfo` fields receive no automatic validation. \
(B[m                  Add a `/// SAFETY: ...` doc comment directly above this field explaining \
                  why skipping validation is safe here.",
[31m-            ));
(B[m[31m-        }
(B[m[32m+        ));
(B[m[32m+    }
(B[m 
     Ok(ParsedField {
         ident,
Diff in /mnt/c/Users/hp/Documents/naclac-fw/naclac-macros/src/instruction/realloc.rs:26:
             let space_var = format_ident!("__realloc_space_{}", target_ident);
 
             // In V2, we retrieve the raw AccountInfo for metadata accesses
[31m-            let target_info = quote! { naclac_lang::prelude::ToAccountInfo::to_account_info(__target) };
(B[m[31m-            let payer_info = quote! { naclac_lang::prelude::ToAccountInfo::to_account_info(&self.#payer_ident) };
(B[m[32m+            let target_info =
(B[m[32m+                quote! { naclac_lang::prelude::ToAccountInfo::to_account_info(__target) };
(B[m[32m+            let payer_info =
(B[m[32m+                quote! { naclac_lang::prelude::ToAccountInfo::to_account_info(&self.#payer_ident) };
(B[m 
             // `realloc::zero` is intentionally not threaded through as a
             // separate step: both backends' own `resize()` primitives
Diff in /mnt/c/Users/hp/Documents/naclac-fw/naclac-macros/src/instruction/security.rs:313:
                         // into a byte literal so we never depend on pinocchio::pubkey!.
                         match bs58::decode(&s).into_vec() {
                             Ok(owner_bytes) if owner_bytes.len() == 32 => {
[31m-                                let byte_lit: Vec<_> = owner_bytes
(B[m[31m-                                    .iter()
(B[m[31m-                                    .map(|b| quote::quote! { #b })
(B[m[31m-                                    .collect();
(B[m[32m+                                let byte_lit: Vec<_> =
(B[m[32m+                                    owner_bytes.iter().map(|b| quote::quote! { #b }).collect();
(B[m                                 metadata_checks.push(quote! {
                                     let expected_owner = naclac_lang::prelude::Address::new_from_array([ #(#byte_lit),* ]);
                                     let __owner = naclac_lang::prelude::Owner::program_owner(info);
Diff in /mnt/c/Users/hp/Documents/naclac-fw/naclac-macros/src/instruction/security.rs:426:
             .as_ref()
             .and_then(resolve_program_id_literal);
 
[31m-        if all_literals && (field.pda_program.is_none() || resolved_foreign_program_id.is_some())
(B[m[31m-        {
(B[m[32m+        if all_literals && (field.pda_program.is_none() || resolved_foreign_program_id.is_some()) {
(B[m             let own_program_lookup = || {
                 let crate_name = std::env::var("CARGO_PKG_NAME").unwrap_or_default();
                 find_program_id(&crate_name)
Diff in /mnt/c/Users/hp/Documents/naclac-fw/naclac-macros/src/instruction/security.rs:449:
         }
 
         // Generate bindings for each seed to prevent temporary drop issues (E0716)
[31m-        let seed_bindings: Vec<TokenStream> = seed_array.elems.iter().enumerate().map(|(i, expr)| {
(B[m[31m-            let ident = format_ident!("__seed_{}_{}", field_ident, i);
(B[m[31m-            seed_binding_tokens(expr, &ident, field.index, all_fields, is_zero_copy)
(B[m[31m-        }).collect();
(B[m[32m+        let seed_bindings: Vec<TokenStream> = seed_array
(B[m[32m+            .elems
(B[m[32m+            .iter()
(B[m[32m+            .enumerate()
(B[m[32m+            .map(|(i, expr)| {
(B[m[32m+                let ident = format_ident!("__seed_{}_{}", field_ident, i);
(B[m[32m+                seed_binding_tokens(expr, &ident, field.index, all_fields, is_zero_copy)
(B[m[32m+            })
(B[m[32m+            .collect();
(B[m 
         let seed_refs: Vec<TokenStream> = seed_array
             .elems
Diff in /mnt/c/Users/hp/Documents/naclac-fw/naclac-macros/src/instruction/security.rs:520:
                 Some(PdaBump::Auto) if field.init_config.is_none() => {
                     let is_spl_type = crate::type_classify::inner_is(&field.ty, "TokenAccount")
                         || crate::type_classify::inner_is(&field.ty, "Mint");
[31m-                    if is_zero_copy_account_field(&field.ty, is_zero_copy) && !is_spl_type
(B[m[31m-                    {
(B[m[32m+                    if is_zero_copy_account_field(&field.ty, is_zero_copy) && !is_spl_type {
(B[m                         // Account<T>'s zero-copy branch implements Deref<Target=T>: access .bump directly.
                         bump_expr = quote! { #field_ident.bump };
                     } else if crate::type_classify::is_exactly(&field.ty, "Account") && !is_spl_type
Diff in /mnt/c/Users/hp/Documents/naclac-fw/naclac-macros/src/instruction/security.rs:731:
         }
 
         if let Some(freeze_authority_expr) = &field.mint_freeze_authority {
[31m-            let actual_freeze_authority_access = resolve_smart_key(freeze_authority_expr, all_fields);
(B[m[32m+            let actual_freeze_authority_access =
(B[m[32m+                resolve_smart_key(freeze_authority_expr, all_fields);
(B[m             mint_checks.push(quote! {
                 {
                     #data_prelude
Diff in /mnt/c/Users/hp/Documents/naclac-fw/naclac-macros/src/instruction/security.rs:779:
                     let actual_mint_access = resolve_smart_key(ata_mint_expr, all_fields);
                     let actual_authority_access = resolve_smart_key(ata_authority_expr, all_fields);
 
[31m-                    match crate::instruction::init_cpi::resolve_token_program_idx(field, all_fields) {
(B[m[32m+                    match crate::instruction::init_cpi::resolve_token_program_idx(field, all_fields)
(B[m[32m+                    {
(B[m                         Ok(token_program_idx) => {
                             constraint_checks.push(quote! {
                                 {
Diff in /mnt/c/Users/hp/Documents/naclac-fw/naclac-macros/src/instruction/security.rs:1028:
         for item in &syntax_tree.items {
             if let syn::Item::Const(item_const) = item {
                 if item_const.ident == ident_str {
[31m-                    return Some((
(B[m[31m-                        (*item_const.expr).clone(),
(B[m[31m-                        file_path.to_str()?.to_string(),
(B[m[31m-                    ));
(B[m[32m+                    return Some(((*item_const.expr).clone(), file_path.to_str()?.to_string()));
(B[m                 }
             }
         }
Diff in /mnt/c/Users/hp/Documents/naclac-fw/naclac-macros/src/lib.rs:463:
 /// `generate_zero_copy_arg_bytes` on the write side) — required because a
 /// dynamic field can never be read via a single raw `size_of`-based cast the
 /// way `NaclacPod::naclac_from_bytes` reads a fixed field.
[31m-fn field_deserialize_stmt(field_name: &syn::Ident, field_ty: &syn::Type) -> proc_macro2::TokenStream {
(B[m[32m+fn field_deserialize_stmt(
(B[m[32m+    field_name: &syn::Ident,
(B[m[32m+    field_ty: &syn::Type,
(B[m[32m+) -> proc_macro2::TokenStream {
(B[m     use type_classify::DynamicKind;
     match type_classify::classify_dynamic(field_ty) {
         DynamicKind::Fixed => quote::quote! {
Diff in /mnt/c/Users/hp/Documents/naclac-fw/naclac-macros/src/program.rs:203:
                         if is_program_zero_copy {
                             if crate::type_classify::is_exactly(ty, "ZcVec") {
                                 // ZcVec<T> → Span<T>: explicit zero-copy opt-in
[31m-                                let new_ty: syn::Type = match crate::type_classify::first_generic_type(ty) {
(B[m[31m-                                    Some(inner) => syn::parse_quote! { naclac_lang::prelude::Span<#inner> },
(B[m[31m-                                    None => syn::parse_quote! { naclac_lang::prelude::Span<u8> },
(B[m[31m-                                };
(B[m[32m+                                let new_ty: syn::Type =
(B[m[32m+                                    match crate::type_classify::first_generic_type(ty) {
(B[m[32m+                                        Some(inner) => {
(B[m[32m+                                            syn::parse_quote! { naclac_lang::prelude::Span<#inner> }
(B[m[32m+                                        }
(B[m[32m+                                        None => {
(B[m[32m+                                            syn::parse_quote! { naclac_lang::prelude::Span<u8> }
(B[m[32m+                                        }
(B[m[32m+                                    };
(B[m                                 *pat_type.ty = new_ty;
                             } else if crate::type_classify::is_exactly(ty, "ZcString") {
                                 // ZcString → ZcString: explicit zero-copy opt-in
Diff in /mnt/c/Users/hp/Documents/naclac-fw/naclac-macros/src/program.rs:388:
                             }
                         } else {
                             let is_nested_vec = is_heap_vec
[31m-                                && inner_ty.is_some_and(|inner| crate::type_classify::is_exactly(inner, "Vec"));
(B[m[32m+                                && inner_ty.is_some_and(|inner| {
(B[m[32m+                                    crate::type_classify::is_exactly(inner, "Vec")
(B[m[32m+                                });
(B[m                             if is_heap_string {
                                 quote! {
                                     let __bytes_len = __len as usize;
Diff in /mnt/c/Users/hp/Documents/naclac-fw/naclac-macros/src/type_classify.rs:140:
 }
 
 pub(crate) fn classify_dynamic(ty: &Type) -> DynamicKind {
[31m-    match base_ident(ty).as_ref().map(syn::Ident::to_string).as_deref() {
(B[m[32m+    match base_ident(ty)
(B[m[32m+        .as_ref()
(B[m[32m+        .map(syn::Ident::to_string)
(B[m[32m+        .as_deref()
(B[m[32m+    {
(B[m         Some("ZcVec") | Some("Span") => DynamicKind::ZcVec,
         Some("ZcString") => DynamicKind::ZcString,
         Some("Vec") => DynamicKind::HeapVec,
Diff in /mnt/c/Users/hp/Documents/naclac-fw/naclac-macros/src/type_classify.rs:158:
 /// one-line change here, not a hunt across the macro crate.
 pub(crate) fn is_account_wrapper(ty: &Type) -> bool {
     matches!(
[31m-        base_ident(ty).as_ref().map(syn::Ident::to_string).as_deref(),
(B[m[32m+        base_ident(ty)
(B[m[32m+            .as_ref()
(B[m[32m+            .map(syn::Ident::to_string)
(B[m[32m+            .as_deref(),
(B[m         Some("Account") | Some("InterfaceAccount")
     )
 }
Diff in /mnt/c/Users/hp/Documents/naclac-fw/naclac-macros/src/type_classify.rs:165:
[31m-
(B[m 
Diff in /mnt/c/Users/hp/Documents/naclac-fw/naclac-syn/src/instruction.rs:448:
                         let candidate_docs = crate::parser::extract_docs(&item_fn.attrs);
                         let candidate_returns =
                             extract_result_return_type(&item_fn.sig.output, &idl.constants);
[31m-                        if let Some(existing) = idl
(B[m[31m-                            .instructions
(B[m[31m-                            .iter_mut()
(B[m[31m-                            .find(|ix| ix.name == *func_name)
(B[m[32m+                        if let Some(existing) =
(B[m[32m+                            idl.instructions.iter_mut().find(|ix| ix.name == *func_name)
(B[m                         {
                             // `lib.rs`'s `#[program] mod` wrapper wins when both the
                             // wrapper and the real `instructions/foo.rs` implementation
Diff in /mnt/c/Users/hp/Documents/naclac-fw/naclac-syn/src/parser.rs:322:
                     }
 
                     // Check #[event] / #[event(alloc)]
[31m-                    let event_attr = item_struct.attrs.iter().find(|a| a.path().is_ident("event"));
(B[m[32m+                    let event_attr = item_struct
(B[m[32m+                        .attrs
(B[m[32m+                        .iter()
(B[m[32m+                        .find(|a| a.path().is_ident("event"));
(B[m                     if let Some(attr) = event_attr {
                         // Mirrors naclac-macros' own `event.rs` check — `#[event(alloc)]`
                         // uses a sequential, length-prefixed wire format (Vec/String/
Diff in /mnt/c/Users/hp/Documents/naclac-fw/naclac-syn/src/pda.rs:82:
             "Naclac Error: literal seed `{}.{}()` needs an explicit integer type suffix (e.g. \
              `0u16`, not a bare `0`) so its byte width can be resolved without guessing.",
             int_lit.to_token_stream(),
[31m-            if big_endian { "to_be_bytes" } else { "to_le_bytes" }
(B[m[32m+            if big_endian {
(B[m[32m+                "to_be_bytes"
(B[m[32m+            } else {
(B[m[32m+                "to_le_bytes"
(B[m[32m+            }
(B[m         );
     };
     let value: u128 = int_lit.base10_parse().unwrap_or_else(|e| {
Diff in /mnt/c/Users/hp/Documents/naclac-fw/naclac-syn/src/pda.rs:95:
     if big_endian {
         bytes.reverse();
     }
[31m-    NaclacSeed::Const { value: bytes, name: None }
(B[m[32m+    NaclacSeed::Const {
(B[m[32m+        value: bytes,
(B[m[32m+        name: None,
(B[m[32m+    }
(B[m }
 
 /// Resolves a `seeds::program = X` expression to the `NaclacSeed::Const` the
Diff in /mnt/c/Users/hp/Documents/naclac-fw/naclac-syn/src/pda.rs:103:
 /// `address!`/`pubkey!` literal, or a bare identifier naming a `const _: Address`
 /// declared elsewhere in `src/` (mirrors `resolve_constant_address_str`'s own
 /// literal-forms handling for `address =` constraints).
[31m-fn resolve_pda_program(expr: &syn::Expr, constants: &[crate::types::NaclacConstant]) -> Option<NaclacSeed> {
(B[m[32m+fn resolve_pda_program(
(B[m[32m+    expr: &syn::Expr,
(B[m[32m+    constants: &[crate::types::NaclacConstant],
(B[m[32m+) -> Option<NaclacSeed> {
(B[m     let mut resolved_name = None;
     let addr_str = match expr {
         syn::Expr::Lit(syn::ExprLit {
Diff in /mnt/c/Users/hp/Documents/naclac-fw/naclac-syn/src/pda.rs:138:
 /// its value matches none of these shapes — the caller then falls through to
 /// treating it as an account/instruction-arg reference instead, same as
 /// before this helper existed.
[31m-fn resolve_named_constant_seed(ident: &str, constants: &[crate::types::NaclacConstant]) -> Option<NaclacSeed> {
(B[m[32m+fn resolve_named_constant_seed(
(B[m[32m+    ident: &str,
(B[m[32m+    constants: &[crate::types::NaclacConstant],
(B[m[32m+) -> Option<NaclacSeed> {
(B[m     let cnst = constants.iter().find(|c| c.name == ident)?;
     let val = cnst.value.trim();
 
Diff in /mnt/c/Users/hp/Documents/naclac-fw/naclac-syn/src/pda.rs:148:
             .map(|n| n.trim().parse::<u8>().ok())
             .collect();
         if let Some(value) = bytes {
[31m-            return Some(NaclacSeed::Const { value, name: Some(ident.to_string()) });
(B[m[32m+            return Some(NaclacSeed::Const {
(B[m[32m+                value,
(B[m[32m+                name: Some(ident.to_string()),
(B[m[32m+            });
(B[m         }
     }
     if val.starts_with('"') && val.ends_with('"') {
Diff in /mnt/c/Users/hp/Documents/naclac-fw/naclac-syn/src/pda.rs:155:
         let inner = &val[1..val.len() - 1];
[31m-        return Some(NaclacSeed::Const { value: inner.as_bytes().to_vec(), name: Some(ident.to_string()) });
(B[m[32m+        return Some(NaclacSeed::Const {
(B[m[32m+            value: inner.as_bytes().to_vec(),
(B[m[32m+            name: Some(ident.to_string()),
(B[m[32m+        });
(B[m     }
 
     let addr_str = crate::instruction::resolve_constant_address_str(val);
Diff in /mnt/c/Users/hp/Documents/naclac-fw/naclac-syn/src/pda.rs:160:
     let value = bs58::decode(&addr_str).into_vec().ok()?;
     if value.len() == 32 {
[31m-        return Some(NaclacSeed::Const { value, name: Some(ident.to_string()) });
(B[m[32m+        return Some(NaclacSeed::Const {
(B[m[32m+            value,
(B[m[32m+            name: Some(ident.to_string()),
(B[m[32m+        });
(B[m     }
     None
 }
Diff in /mnt/c/Users/hp/Documents/naclac-fw/naclac-token/src/associated_token.rs:207:
 
     #[cfg(not(feature = "pinocchio"))]
     {
[31m-        let ix = spl_associated_token_account::instruction::create_associated_token_account_idempotent(
(B[m[31m-            payer.info.key,
(B[m[31m-            authority.info.key,
(B[m[31m-            mint.info.key,
(B[m[31m-            token_program.info.key,
(B[m[31m-        );
(B[m[32m+        let ix =
(B[m[32m+            spl_associated_token_account::instruction::create_associated_token_account_idempotent(
(B[m[32m+                payer.info.key,
(B[m[32m+                authority.info.key,
(B[m[32m+                mint.info.key,
(B[m[32m+                token_program.info.key,
(B[m[32m+            );
(B[m 
         let accounts_array = [
             CpiHandle::from(payer),
Diff in /mnt/c/Users/hp/Documents/naclac-fw/naclac-token/src/associated_token.rs:272:
         return Err(NaclacError::TooManyExtraAccounts.into());
     }
 
[31m-    let AtaCpiAccounts { payer, associated_token, authority, mint, system_program, token_program } =
(B[m[31m-        accounts;
(B[m[32m+    let AtaCpiAccounts {
(B[m[32m+        payer,
(B[m[32m+        associated_token,
(B[m[32m+        authority,
(B[m[32m+        mint,
(B[m[32m+        system_program,
(B[m[32m+        token_program,
(B[m[32m+    } = accounts;
(B[m 
     validate_ata_cpi_programs(&program, &system_program, &token_program)?;
 
Diff in /mnt/c/Users/hp/Documents/naclac-fw/naclac-token/src/associated_token.rs:280:
     #[cfg(not(feature = "pinocchio"))]
     {
[31m-        let mut ix = spl_associated_token_account::instruction::create_associated_token_account_idempotent(
(B[m[31m-            payer.info.key,
(B[m[31m-            authority.info.key,
(B[m[31m-            mint.info.key,
(B[m[31m-            token_program.info.key,
(B[m[31m-        );
(B[m[32m+        let mut ix =
(B[m[32m+            spl_associated_token_account::instruction::create_associated_token_account_idempotent(
(B[m[32m+                payer.info.key,
(B[m[32m+                authority.info.key,
(B[m[32m+                mint.info.key,
(B[m[32m+                token_program.info.key,
(B[m[32m+            );
(B[m         ix.accounts.extend(
             extra_accounts
                 .iter()
Diff in /mnt/c/Users/hp/Documents/naclac-fw/naclac-token/src/associated_token.rs:344:
         cpi_handles[5] = token_program;
         cpi_handles[6..6 + extra_len].clone_from_slice(extra_accounts);
 
[31m-        crate::cpi::invoke_signed_pinocchio_handles(&instruction, &cpi_handles[..extra_len + 6], signer_seeds)
(B[m[32m+        crate::cpi::invoke_signed_pinocchio_handles(
(B[m[32m+            &instruction,
(B[m[32m+            &cpi_handles[..extra_len + 6],
(B[m[32m+            signer_seeds,
(B[m[32m+        )
(B[m     }
 }
 
Diff in /mnt/c/Users/hp/Documents/naclac-fw/naclac-token/src/associated_token.rs:363:
         }
     }
 
[31m-    let mut signers = [const { core::mem::MaybeUninit::<::pinocchio::cpi::Signer>::uninit() }; crate::prelude::MAX_CPI_SIGNERS];
(B[m[31m-    let mut all_seeds = [const { [const { core::mem::MaybeUninit::<::pinocchio::cpi::Seed>::uninit() }; crate::prelude::MAX_CPI_SEEDS_PER_SIGNER] }; crate::prelude::MAX_CPI_SIGNERS];
(B[m[32m+    let mut signers = [const { core::mem::MaybeUninit::<::pinocchio::cpi::Signer>::uninit() };
(B[m[32m+        crate::prelude::MAX_CPI_SIGNERS];
(B[m[32m+    let mut all_seeds = [const {
(B[m[32m+        [const { core::mem::MaybeUninit::<::pinocchio::cpi::Seed>::uninit() };
(B[m[32m+            crate::prelude::MAX_CPI_SEEDS_PER_SIGNER]
(B[m[32m+    }; crate::prelude::MAX_CPI_SIGNERS];
(B[m 
     let signer_len = signer_seeds.len();
     for i in 0..signer_len {
Diff in /mnt/c/Users/hp/Documents/naclac-fw/naclac-token/src/associated_token.rs:385:
         }
     }
     let signers = unsafe {
[31m-        core::slice::from_raw_parts(signers.as_ptr() as *const ::pinocchio::cpi::Signer, signer_len)
(B[m[32m+        core::slice::from_raw_parts(
(B[m[32m+            signers.as_ptr() as *const ::pinocchio::cpi::Signer,
(B[m[32m+            signer_len,
(B[m[32m+        )
(B[m     };
 
     ix.invoke_signed(signers)
Diff in /mnt/c/Users/hp/Documents/naclac-fw/naclac-token/src/associated_token.rs:408:
 }
 
 #[cfg(feature = "pinocchio")]
[31m-impl PinocchioAtaInstruction for pinocchio_associated_token_account::instructions::CreateIdempotent<'_> {
(B[m[32m+impl PinocchioAtaInstruction
(B[m[32m+    for pinocchio_associated_token_account::instructions::CreateIdempotent<'_>
(B[m[32m+{
(B[m     fn invoke(&self) -> Result<()> {
         pinocchio_associated_token_account::instructions::CreateIdempotent::invoke(self)
     }
Diff in /mnt/c/Users/hp/Documents/naclac-fw/naclac-token/src/associated_token.rs:415:
     fn invoke_signed(&self, signers: &[::pinocchio::cpi::Signer]) -> Result<()> {
[31m-        pinocchio_associated_token_account::instructions::CreateIdempotent::invoke_signed(self, signers)
(B[m[32m+        pinocchio_associated_token_account::instructions::CreateIdempotent::invoke_signed(
(B[m[32m+            self, signers,
(B[m[32m+        )
(B[m     }
 }
 
Diff in /mnt/c/Users/hp/Documents/naclac-fw/naclac-token/src/extensions/default_account_state.rs:8:
 //! `token_2022_extensions::default_account_state` module as the parity
 //! target, which exposes exactly these two functions.
 
[31m-use crate::prelude::{CpiHandle, CpiHandleMut, Pod, Result, Zeroable};
(B[m use super::Extension;
[32m+use crate::prelude::{CpiHandle, CpiHandleMut, Pod, Result, Zeroable};
(B[m 
 #[cfg(not(feature = "pinocchio"))]
 use crate::prelude::vec;
Diff in /mnt/c/Users/hp/Documents/naclac-fw/naclac-token/src/extensions/group_member_pointer.rs:8:
 //! `token_2022_extensions::group_member_pointer` module as the parity
 //! target, which exposes exactly these two functions.
 
[31m-use crate::prelude::{Address, CpiHandle, CpiHandleMut, Pod, Result, Zeroable};
(B[m use super::{read_optional_address, Extension};
[32m+use crate::prelude::{Address, CpiHandle, CpiHandleMut, Pod, Result, Zeroable};
(B[m 
 #[cfg(not(feature = "pinocchio"))]
 use crate::prelude::vec;
Diff in /mnt/c/Users/hp/Documents/naclac-fw/naclac-token/src/extensions/group_member_pointer.rs:139:
             program_id: program.address(),
             accounts: vec![
                 solana_program::instruction::AccountMeta::new(mint.info.address(), false),
[31m-                solana_program::instruction::AccountMeta::new_readonly(authority.info.address(), true),
(B[m[32m+                solana_program::instruction::AccountMeta::new_readonly(
(B[m[32m+                    authority.info.address(),
(B[m[32m+                    true,
(B[m[32m+                ),
(B[m             ],
             data,
         };
Diff in /mnt/c/Users/hp/Documents/naclac-fw/naclac-token/src/extensions/group_member_pointer.rs:157:
         let mint_handle: CpiHandle<'_> = CpiHandle::from(mint);
         let ix_accounts = [
             ::pinocchio::instruction::InstructionAccount::writable(mint_handle.info.view.address()),
[31m-            ::pinocchio::instruction::InstructionAccount::readonly_signer(authority.info.view.address()),
(B[m[32m+            ::pinocchio::instruction::InstructionAccount::readonly_signer(
(B[m[32m+                authority.info.view.address(),
(B[m[32m+            ),
(B[m         ];
         let instruction = ::pinocchio::instruction::InstructionView {
             program_id: program.info.view.address(),
Diff in /mnt/c/Users/hp/Documents/naclac-fw/naclac-token/src/extensions/group_pointer.rs:8:
 //! `token_2022_extensions::group_pointer` module as the parity target,
 //! which exposes exactly these two functions.
 
[31m-use crate::prelude::{Address, CpiHandle, CpiHandleMut, Pod, Result, Zeroable};
(B[m use super::{read_optional_address, Extension};
[32m+use crate::prelude::{Address, CpiHandle, CpiHandleMut, Pod, Result, Zeroable};
(B[m 
 #[cfg(not(feature = "pinocchio"))]
 use crate::prelude::vec;
Diff in /mnt/c/Users/hp/Documents/naclac-fw/naclac-token/src/extensions/group_pointer.rs:137:
             program_id: program.address(),
             accounts: vec![
                 solana_program::instruction::AccountMeta::new(mint.info.address(), false),
[31m-                solana_program::instruction::AccountMeta::new_readonly(authority.info.address(), true),
(B[m[32m+                solana_program::instruction::AccountMeta::new_readonly(
(B[m[32m+                    authority.info.address(),
(B[m[32m+                    true,
(B[m[32m+                ),
(B[m             ],
             data,
         };
Diff in /mnt/c/Users/hp/Documents/naclac-fw/naclac-token/src/extensions/group_pointer.rs:155:
         let mint_handle: CpiHandle<'_> = CpiHandle::from(mint);
         let ix_accounts = [
             ::pinocchio::instruction::InstructionAccount::writable(mint_handle.info.view.address()),
[31m-            ::pinocchio::instruction::InstructionAccount::readonly_signer(authority.info.view.address()),
(B[m[32m+            ::pinocchio::instruction::InstructionAccount::readonly_signer(
(B[m[32m+                authority.info.view.address(),
(B[m[32m+            ),
(B[m         ];
         let instruction = ::pinocchio::instruction::InstructionView {
             program_id: program.info.view.address(),
Diff in /mnt/c/Users/hp/Documents/naclac-fw/naclac-token/src/extensions/immutable_owner.rs:9:
 //! extension is enforced by the protocol itself on every `SetAuthority`
 //! targeting the account's owner, no dedicated action CPI exists.
 
[31m-use crate::prelude::{CpiHandle, CpiHandleMut, Pod, Result, Zeroable};
(B[m use super::Extension;
[32m+use crate::prelude::{CpiHandle, CpiHandleMut, Pod, Result, Zeroable};
(B[m 
 #[cfg(not(feature = "pinocchio"))]
 use crate::prelude::vec;
Diff in /mnt/c/Users/hp/Documents/naclac-fw/naclac-token/src/extensions/immutable_owner.rs:46:
 /// `TokenInstruction::InitializeImmutableOwner`/`initialize_immutable_owner`,
 /// cross-checked against `pinocchio-token-2022`'s own
 /// `InitializeImmutableOwner::invoke`.
[31m-pub fn initialize_immutable_owner(
(B[m[31m-    program: CpiHandle<'_>,
(B[m[31m-    account: CpiHandleMut<'_>,
(B[m[31m-) -> Result<()> {
(B[m[32m+pub fn initialize_immutable_owner(program: CpiHandle<'_>, account: CpiHandleMut<'_>) -> Result<()> {
(B[m     initialize_immutable_owner_signed(program, account, &[])
 }
 
Diff in /mnt/c/Users/hp/Documents/naclac-fw/naclac-token/src/extensions/interest_bearing_mint.rs:8:
 //! own `token_2022_extensions::interest_bearing_mint` module as the parity
 //! target, which exposes exactly these two functions.
 
[31m-use crate::prelude::{Address, CpiHandle, CpiHandleMut, Pod, Result, Zeroable};
(B[m use super::{read_optional_address, Extension};
[32m+use crate::prelude::{Address, CpiHandle, CpiHandleMut, Pod, Result, Zeroable};
(B[m 
 #[cfg(not(feature = "pinocchio"))]
 use crate::prelude::vec;
Diff in /mnt/c/Users/hp/Documents/naclac-fw/naclac-token/src/extensions/metadata_pointer.rs:15:
 //! project's standing rule, real-protocol CPI gaps are filled regardless
 //! of whether anchor-spl-v2 itself has them.
 
[31m-use crate::prelude::{Address, CpiHandle, CpiHandleMut, Pod, Result, Zeroable};
(B[m use super::{read_optional_address, Extension};
[32m+use crate::prelude::{Address, CpiHandle, CpiHandleMut, Pod, Result, Zeroable};
(B[m 
 #[cfg(not(feature = "pinocchio"))]
 use crate::prelude::vec;
Diff in /mnt/c/Users/hp/Documents/naclac-fw/naclac-token/src/extensions/metadata_pointer.rs:144:
             program_id: program.address(),
             accounts: vec![
                 solana_program::instruction::AccountMeta::new(mint.info.address(), false),
[31m-                solana_program::instruction::AccountMeta::new_readonly(authority.info.address(), true),
(B[m[32m+                solana_program::instruction::AccountMeta::new_readonly(
(B[m[32m+                    authority.info.address(),
(B[m[32m+                    true,
(B[m[32m+                ),
(B[m             ],
             data,
         };
Diff in /mnt/c/Users/hp/Documents/naclac-fw/naclac-token/src/extensions/metadata_pointer.rs:162:
         let mint_handle: CpiHandle<'_> = CpiHandle::from(mint);
         let ix_accounts = [
             ::pinocchio::instruction::InstructionAccount::writable(mint_handle.info.view.address()),
[31m-            ::pinocchio::instruction::InstructionAccount::readonly_signer(authority.info.view.address()),
(B[m[32m+            ::pinocchio::instruction::InstructionAccount::readonly_signer(
(B[m[32m+                authority.info.view.address(),
(B[m[32m+            ),
(B[m         ];
         let instruction = ::pinocchio::instruction::InstructionView {
             program_id: program.info.view.address(),
Diff in /mnt/c/Users/hp/Documents/naclac-fw/naclac-token/src/extensions/mod.rs:27:
 //! `use super::{...}`.
 
 use crate::prelude::{
[31m-    AccountInfo, Address, CpiHandle, InterfaceAccount, NaclacError, Owner, Pod, Result,
(B[m[31m-    TOKEN_2022_PROGRAM_ID, Zeroable,
(B[m[32m+    AccountInfo, Address, CpiHandle, InterfaceAccount, NaclacError, Owner, Pod, Result, Zeroable,
(B[m[32m+    TOKEN_2022_PROGRAM_ID,
(B[m };
 use crate::token::{Mint, TokenAccount};
 use crate::wrappers::ToAddress;
Diff in /mnt/c/Users/hp/Documents/naclac-fw/naclac-token/src/extensions/mod.rs:119:
 }
 
 #[cfg(feature = "pinocchio")]
[31m-pub(crate) fn ix_addr<T: crate::wrappers::ToAddress>(target: &T) -> crate::prelude::PinocchioAddress {
(B[m[32m+pub(crate) fn ix_addr<T: crate::wrappers::ToAddress>(
(B[m[32m+    target: &T,
(B[m[32m+) -> crate::prelude::PinocchioAddress {
(B[m     *target.address().as_address()
 }
 
Diff in /mnt/c/Users/hp/Documents/naclac-fw/naclac-token/src/extensions/mod.rs:198:
         // No extensions at all — a plain, unextended account.
         return Err(NaclacError::ConstraintAccountIsNone);
     }
[31m-    if data[base_len..EXTENSION_BASE_OFFSET].iter().any(|&b| b != 0) {
(B[m[32m+    if data[base_len..EXTENSION_BASE_OFFSET]
(B[m[32m+        .iter()
(B[m[32m+        .any(|&b| b != 0)
(B[m[32m+    {
(B[m         return Err(NaclacError::InvalidAccountDiscriminator);
     }
     if data[EXTENSION_BASE_OFFSET] != Ext::ACCOUNT_TYPE {
Diff in /mnt/c/Users/hp/Documents/naclac-fw/naclac-token/src/extensions/mod.rs:216:
             // Uninitialized marker: no more entries were ever written here.
             return Err(NaclacError::ConstraintAccountIsNone);
         }
[31m-        let entry_len = u16::from_le_bytes(tlv[offset + 2..offset + 4].try_into().unwrap()) as usize;
(B[m[32m+        let entry_len =
(B[m[32m+            u16::from_le_bytes(tlv[offset + 2..offset + 4].try_into().unwrap()) as usize;
(B[m         let value_start = offset + 4;
         let value_end = value_start
             .checked_add(entry_len)
Diff in /mnt/c/Users/hp/Documents/naclac-fw/naclac-token/src/extensions/mod.rs:308:
     }
 }
 fn ceil_div_u128(numerator: u128, denominator: u128) -> Option<u128> {
[31m-    numerator.checked_add(denominator)?.checked_sub(1)?.checked_div(denominator)
(B[m[32m+    numerator
(B[m[32m+        .checked_add(denominator)?
(B[m[32m+        .checked_sub(1)?
(B[m[32m+        .checked_div(denominator)
(B[m }
 
Diff in /mnt/c/Users/hp/Documents/naclac-fw/naclac-token/src/extensions/non_transferable.rs:18:
 //! `NonTransferableAccount` has no CPI of its own — Token-2022 attaches it
 //! automatically to every token account of a `NonTransferable` mint.
 
[31m-use crate::prelude::{CpiHandle, CpiHandleMut, Pod, Result, Zeroable};
(B[m use super::Extension;
[32m+use crate::prelude::{CpiHandle, CpiHandleMut, Pod, Result, Zeroable};
(B[m 
 #[cfg(not(feature = "pinocchio"))]
 use crate::prelude::vec;
Diff in /mnt/c/Users/hp/Documents/naclac-fw/naclac-token/src/extensions/permanent_delegate.rs:9:
 //! acts through the ordinary `transfer`/`burn` CPIs once set, no dedicated
 //! action CPI exists in the real protocol.
 
[31m-use crate::prelude::{Address, CpiHandle, CpiHandleMut, Pod, Result, Zeroable};
(B[m use super::{read_optional_address, Extension};
[32m+use crate::prelude::{Address, CpiHandle, CpiHandleMut, Pod, Result, Zeroable};
(B[m 
 #[cfg(not(feature = "pinocchio"))]
 use crate::prelude::vec;
Diff in /mnt/c/Users/hp/Documents/naclac-fw/naclac-token/src/extensions/permanent_delegate.rs:87:
     #[cfg(feature = "pinocchio")]
     {
         let _ = signer_seeds;
[31m-        let ix = ::pinocchio_token_2022::instructions::permanent_delegate::InitializePermanentDelegate {
(B[m[31m-            mint: &mint.info.view,
(B[m[31m-            delegate: delegate.as_address(),
(B[m[31m-            token_program: program.info.view.address(),
(B[m[31m-        };
(B[m[32m+        let ix =
(B[m[32m+            ::pinocchio_token_2022::instructions::permanent_delegate::InitializePermanentDelegate {
(B[m[32m+                mint: &mint.info.view,
(B[m[32m+                delegate: delegate.as_address(),
(B[m[32m+                token_program: program.info.view.address(),
(B[m[32m+            };
(B[m         ix.invoke()
     }
 }
Diff in /mnt/c/Users/hp/Documents/naclac-fw/naclac-token/src/extensions/token_group.rs:24:
 //! `UpdateGroupMaxSize`/`UpdateGroupAuthority`, both real,
 //! separately-dispatched interface instructions it omits.
 
[31m-use crate::prelude::{Address, CpiHandle, CpiHandleMut, Result};
(B[m use super::Extension;
[32m+use crate::prelude::{Address, CpiHandle, CpiHandleMut, Result};
(B[m 
 /// `TokenGroup`/`TokenGroupMember` (`spl_token_group_interface::state`) are
 /// real, already `#[repr(C)]`/`Pod`/`Zeroable` fixed-size structs — unlike
Diff in /mnt/c/Users/hp/Documents/naclac-fw/naclac-token/src/extensions/token_group.rs:59:
     update_authority: Option<&Address>,
     max_size: u64,
 ) -> Result<()> {
[31m-    initialize_token_group_signed(program, group, mint, mint_authority, update_authority, max_size, &[])
(B[m[32m+    initialize_token_group_signed(
(B[m[32m+        program,
(B[m[32m+        group,
(B[m[32m+        mint,
(B[m[32m+        mint_authority,
(B[m[32m+        update_authority,
(B[m[32m+        max_size,
(B[m[32m+        &[],
(B[m[32m+    )
(B[m }
 
 pub fn initialize_token_group_signed(
Diff in /mnt/c/Users/hp/Documents/naclac-fw/naclac-token/src/extensions/token_metadata.rs:61:
     mint_authority: CpiHandle<'_>,
     params: TokenMetadataInitializeParams,
 ) -> Result<()> {
[31m-    initialize_token_metadata_signed(program, metadata, update_authority, mint, mint_authority, params, &[])
(B[m[32m+    initialize_token_metadata_signed(
(B[m[32m+        program,
(B[m[32m+        metadata,
(B[m[32m+        update_authority,
(B[m[32m+        mint,
(B[m[32m+        mint_authority,
(B[m[32m+        params,
(B[m[32m+        &[],
(B[m[32m+    )
(B[m }
 
 pub fn initialize_token_metadata_signed(
Diff in /mnt/c/Users/hp/Documents/naclac-fw/naclac-token/src/extensions/transfer_fee.rs:11:
 //! anchor-spl-v2's own `token_2022_extensions::transfer_fee` module as the
 //! parity target — that module exposes exactly these six functions, no more.
 
[32m+use super::{ceil_div_u128, read_optional_address, read_u16, read_u64, Extension};
(B[m use crate::prelude::{Address, CpiHandle, CpiHandleMut, NaclacError, Pod, Result, Zeroable};
[31m-use super::{ceil_div_u128, read_u16, read_u64, read_optional_address, Extension};
(B[m 
 #[cfg(not(feature = "pinocchio"))]
 use crate::prelude::vec;
Diff in /mnt/c/Users/hp/Documents/naclac-fw/naclac-token/src/extensions/transfer_fee.rs:71:
     /// `spl-token-2022-interface`.
     fn active_rate(&self, current_epoch: u64) -> (u16, u64) {
         if current_epoch >= self.newer_transfer_fee_epoch() {
[31m-            (self.newer_transfer_fee_basis_points(), self.newer_transfer_fee_maximum_fee())
(B[m[32m+            (
(B[m[32m+                self.newer_transfer_fee_basis_points(),
(B[m[32m+                self.newer_transfer_fee_maximum_fee(),
(B[m[32m+            )
(B[m         } else {
[31m-            (self.older_transfer_fee_basis_points(), self.older_transfer_fee_maximum_fee())
(B[m[32m+            (
(B[m[32m+                self.older_transfer_fee_basis_points(),
(B[m[32m+                self.older_transfer_fee_maximum_fee(),
(B[m[32m+            )
(B[m         }
     }
 
Diff in /mnt/c/Users/hp/Documents/naclac-fw/naclac-token/src/extensions/transfer_fee.rs:98:
     /// transfer amount, whenever the mint carries this extension, or its
     /// bookkeeping will silently diverge from what actually lands in the
     /// destination account.
[31m-    pub fn calculate_post_fee_amount(&self, current_epoch: u64, pre_fee_amount: u64) -> Option<u64> {
(B[m[32m+    pub fn calculate_post_fee_amount(
(B[m[32m+        &self,
(B[m[32m+        current_epoch: u64,
(B[m[32m+        pre_fee_amount: u64,
(B[m[32m+    ) -> Option<u64> {
(B[m         pre_fee_amount.checked_sub(self.calculate_fee(current_epoch, pre_fee_amount)?)
     }
 }
Diff in /mnt/c/Users/hp/Documents/naclac-fw/naclac-token/src/extensions/transfer_fee.rs:236:
     transfer_fee_basis_points: u16,
     maximum_fee: u64,
 ) -> Result<()> {
[31m-    set_transfer_fee_signed(program, mint, authority, transfer_fee_basis_points, maximum_fee, &[])
(B[m[32m+    set_transfer_fee_signed(
(B[m[32m+        program,
(B[m[32m+        mint,
(B[m[32m+        authority,
(B[m[32m+        transfer_fee_basis_points,
(B[m[32m+        maximum_fee,
(B[m[32m+        &[],
(B[m[32m+    )
(B[m }
 
 pub fn set_transfer_fee_signed(
Diff in /mnt/c/Users/hp/Documents/naclac-fw/naclac-token/src/extensions/transfer_fee.rs:258:
             program_id: program.address(),
             accounts: vec![
                 solana_program::instruction::AccountMeta::new(mint.info.address(), false),
[31m-                solana_program::instruction::AccountMeta::new_readonly(authority.info.address(), true),
(B[m[32m+                solana_program::instruction::AccountMeta::new_readonly(
(B[m[32m+                    authority.info.address(),
(B[m[32m+                    true,
(B[m[32m+                ),
(B[m             ],
             data,
         };
Diff in /mnt/c/Users/hp/Documents/naclac-fw/naclac-token/src/extensions/transfer_fee.rs:277:
         let mint_handle: CpiHandle<'_> = CpiHandle::from(mint);
         let ix_accounts = [
             ::pinocchio::instruction::InstructionAccount::writable(mint_handle.info.view.address()),
[31m-            ::pinocchio::instruction::InstructionAccount::readonly_signer(authority.info.view.address()),
(B[m[32m+            ::pinocchio::instruction::InstructionAccount::readonly_signer(
(B[m[32m+                authority.info.view.address(),
(B[m[32m+            ),
(B[m         ];
         let instruction = ::pinocchio::instruction::InstructionView {
             program_id: program.info.view.address(),
Diff in /mnt/c/Users/hp/Documents/naclac-fw/naclac-token/src/extensions/transfer_fee.rs:309:
     decimals: u8,
     fee: u64,
 ) -> Result<()> {
[31m-    transfer_checked_with_fee_signed(program, source, mint, destination, authority, amount, decimals, fee, &[])
(B[m[32m+    transfer_checked_with_fee_signed(
(B[m[32m+        program,
(B[m[32m+        source,
(B[m[32m+        mint,
(B[m[32m+        destination,
(B[m[32m+        authority,
(B[m[32m+        amount,
(B[m[32m+        decimals,
(B[m[32m+        fee,
(B[m[32m+        &[],
(B[m[32m+    )
(B[m }
 
 #[allow(clippy::too_many_arguments)]
Diff in /mnt/c/Users/hp/Documents/naclac-fw/naclac-token/src/extensions/transfer_fee.rs:338:
                 solana_program::instruction::AccountMeta::new(source.info.address(), false),
                 solana_program::instruction::AccountMeta::new_readonly(mint.info.address(), false),
                 solana_program::instruction::AccountMeta::new(destination.info.address(), false),
[31m-                solana_program::instruction::AccountMeta::new_readonly(authority.info.address(), true),
(B[m[32m+                solana_program::instruction::AccountMeta::new_readonly(
(B[m[32m+                    authority.info.address(),
(B[m[32m+                    true,
(B[m[32m+                ),
(B[m             ],
             data,
         };
Diff in /mnt/c/Users/hp/Documents/naclac-fw/naclac-token/src/extensions/transfer_fee.rs:345:
[31m-        let accounts = [CpiHandle::from(source), mint, CpiHandle::from(destination), authority, program];
(B[m[32m+        let accounts = [
(B[m[32m+            CpiHandle::from(source),
(B[m[32m+            mint,
(B[m[32m+            CpiHandle::from(destination),
(B[m[32m+            authority,
(B[m[32m+            program,
(B[m[32m+        ];
(B[m         crate::cpi::invoke_signed(&ix, &accounts, signer_seeds)
     }
 
Diff in /mnt/c/Users/hp/Documents/naclac-fw/naclac-token/src/extensions/transfer_fee.rs:358:
         let source_handle: CpiHandle<'_> = CpiHandle::from(source);
         let destination_handle: CpiHandle<'_> = CpiHandle::from(destination);
         let ix_accounts = [
[31m-            ::pinocchio::instruction::InstructionAccount::writable(source_handle.info.view.address()),
(B[m[32m+            ::pinocchio::instruction::InstructionAccount::writable(
(B[m[32m+                source_handle.info.view.address(),
(B[m[32m+            ),
(B[m             ::pinocchio::instruction::InstructionAccount::readonly(mint.info.view.address()),
[31m-            ::pinocchio::instruction::InstructionAccount::writable(destination_handle.info.view.address()),
(B[m[31m-            ::pinocchio::instruction::InstructionAccount::readonly_signer(authority.info.view.address()),
(B[m[32m+            ::pinocchio::instruction::InstructionAccount::writable(
(B[m[32m+                destination_handle.info.view.address(),
(B[m[32m+            ),
(B[m[32m+            ::pinocchio::instruction::InstructionAccount::readonly_signer(
(B[m[32m+                authority.info.view.address(),
(B[m[32m+            ),
(B[m         ];
         let instruction = ::pinocchio::instruction::InstructionView {
             program_id: program.info.view.address(),
Diff in /mnt/c/Users/hp/Documents/naclac-fw/naclac-token/src/extensions/transfer_fee.rs:401:
 
     #[cfg(not(feature = "pinocchio"))]
     {
[31m-        let mut accounts = vec![solana_program::instruction::AccountMeta::new(mint.info.address(), false)];
(B[m[32m+        let mut accounts = vec![solana_program::instruction::AccountMeta::new(
(B[m[32m+            mint.info.address(),
(B[m[32m+            false,
(B[m[32m+        )];
(B[m         accounts.extend(
[31m-            sources
(B[m[31m-                .iter()
(B[m[31m-                .map(|source| solana_program::instruction::AccountMeta::new(source.address(), false)),
(B[m[32m+            sources.iter().map(|source| {
(B[m[32m+                solana_program::instruction::AccountMeta::new(source.address(), false)
(B[m[32m+            }),
(B[m         );
         let ix = solana_program::instruction::Instruction {
             program_id: program.address(),
Diff in /mnt/c/Users/hp/Documents/naclac-fw/naclac-token/src/extensions/transfer_fee.rs:428:
             *slot = source.info.view.address();
         }
         let ix_accounts_all: [::pinocchio::instruction::InstructionAccount;
[31m-            MAX_TRANSFER_FEE_SOURCE_ACCOUNTS + 1] =
(B[m[31m-            core::array::from_fn(|i| ::pinocchio::instruction::InstructionAccount::writable(addresses[i]));
(B[m[32m+            MAX_TRANSFER_FEE_SOURCE_ACCOUNTS + 1] = core::array::from_fn(|i| {
(B[m[32m+            ::pinocchio::instruction::InstructionAccount::writable(addresses[i])
(B[m[32m+        });
(B[m         let ix_accounts = &ix_accounts_all[..sources.len() + 1];
 
         let instruction = ::pinocchio::instruction::InstructionView {
Diff in /mnt/c/Users/hp/Documents/naclac-fw/naclac-token/src/extensions/transfer_fee.rs:439:
         };
         let mut cpi_handles = [mint_handle; MAX_TRANSFER_FEE_SOURCE_ACCOUNTS + 1];
         cpi_handles[1..1 + sources.len()].clone_from_slice(sources);
[31m-        crate::cpi::invoke_signed_pinocchio_handles(&instruction, &cpi_handles[..sources.len() + 1], signer_seeds)
(B[m[32m+        crate::cpi::invoke_signed_pinocchio_handles(
(B[m[32m+            &instruction,
(B[m[32m+            &cpi_handles[..sources.len() + 1],
(B[m[32m+            signer_seeds,
(B[m[32m+        )
(B[m     }
 }
 
Diff in /mnt/c/Users/hp/Documents/naclac-fw/naclac-token/src/extensions/transfer_fee.rs:472:
             accounts: vec![
                 solana_program::instruction::AccountMeta::new(mint.info.address(), false),
                 solana_program::instruction::AccountMeta::new(destination.info.address(), false),
[31m-                solana_program::instruction::AccountMeta::new_readonly(authority.info.address(), true),
(B[m[32m+                solana_program::instruction::AccountMeta::new_readonly(
(B[m[32m+                    authority.info.address(),
(B[m[32m+                    true,
(B[m[32m+                ),
(B[m             ],
             data: vec![26u8, 2u8],
         };
Diff in /mnt/c/Users/hp/Documents/naclac-fw/naclac-token/src/extensions/transfer_fee.rs:479:
[31m-        let accounts = [CpiHandle::from(mint), CpiHandle::from(destination), authority, program];
(B[m[32m+        let accounts = [
(B[m[32m+            CpiHandle::from(mint),
(B[m[32m+            CpiHandle::from(destination),
(B[m[32m+            authority,
(B[m[32m+            program,
(B[m[32m+        ];
(B[m         crate::cpi::invoke_signed(&ix, &accounts, signer_seeds)
     }
 
Diff in /mnt/c/Users/hp/Documents/naclac-fw/naclac-token/src/extensions/transfer_fee.rs:486:
         let destination_handle: CpiHandle<'_> = CpiHandle::from(destination);
         let ix_accounts = [
             ::pinocchio::instruction::InstructionAccount::writable(mint_handle.info.view.address()),
[31m-            ::pinocchio::instruction::InstructionAccount::writable(destination_handle.info.view.address()),
(B[m[31m-            ::pinocchio::instruction::InstructionAccount::readonly_signer(authority.info.view.address()),
(B[m[32m+            ::pinocchio::instruction::InstructionAccount::writable(
(B[m[32m+                destination_handle.info.view.address(),
(B[m[32m+            ),
(B[m[32m+            ::pinocchio::instruction::InstructionAccount::readonly_signer(
(B[m[32m+                authority.info.view.address(),
(B[m[32m+            ),
(B[m         ];
         let instruction = ::pinocchio::instruction::InstructionView {
             program_id: program.info.view.address(),
Diff in /mnt/c/Users/hp/Documents/naclac-fw/naclac-token/src/extensions/transfer_fee.rs:515:
     authority: CpiHandle<'_>,
     sources: &[CpiHandle<'_>],
 ) -> Result<()> {
[31m-    withdraw_withheld_tokens_from_accounts_signed(program, mint, destination, authority, sources, &[])
(B[m[32m+    withdraw_withheld_tokens_from_accounts_signed(
(B[m[32m+        program,
(B[m[32m+        mint,
(B[m[32m+        destination,
(B[m[32m+        authority,
(B[m[32m+        sources,
(B[m[32m+        &[],
(B[m[32m+    )
(B[m }
 
 pub fn withdraw_withheld_tokens_from_accounts_signed(
Diff in /mnt/c/Users/hp/Documents/naclac-fw/naclac-token/src/extensions/transfer_fee.rs:540:
             solana_program::instruction::AccountMeta::new_readonly(authority.info.address(), true),
         ];
         accounts.extend(
[31m-            sources
(B[m[31m-                .iter()
(B[m[31m-                .map(|source| solana_program::instruction::AccountMeta::new(source.address(), false)),
(B[m[32m+            sources.iter().map(|source| {
(B[m[32m+                solana_program::instruction::AccountMeta::new(source.address(), false)
(B[m[32m+            }),
(B[m         );
         let ix = solana_program::instruction::Instruction {
             program_id: program.address(),
Diff in /mnt/c/Users/hp/Documents/naclac-fw/naclac-token/src/extensions/transfer_fee.rs:574:
             ::pinocchio::instruction::InstructionAccount::writable(addresses[i])
         });
         ix_accounts_all[0] = ::pinocchio::instruction::InstructionAccount::readonly(addresses[0]);
[31m-        ix_accounts_all[2] = ::pinocchio::instruction::InstructionAccount::readonly_signer(addresses[2]);
(B[m[32m+        ix_accounts_all[2] =
(B[m[32m+            ::pinocchio::instruction::InstructionAccount::readonly_signer(addresses[2]);
(B[m         let ix_accounts = &ix_accounts_all[..sources.len() + 3];
 
         let data = [26u8, 3u8, num_token_accounts];
Diff in /mnt/c/Users/hp/Documents/naclac-fw/naclac-token/src/extensions/transfer_hook.rs:14:
 //! `spl-transfer-hook-interface` crate's own on-chain resolution helper
 //! rather than a naclac reimplementation of its PDA/seed logic.
 
[31m-use crate::prelude::{Address, CpiHandle, CpiHandleMut, Pod, Result, Zeroable};
(B[m use super::{read_optional_address, Extension};
[32m+use crate::prelude::{Address, CpiHandle, CpiHandleMut, Pod, Result, Zeroable};
(B[m 
 #[cfg(not(feature = "pinocchio"))]
 use crate::prelude::vec;
Diff in /mnt/c/Users/hp/Documents/naclac-fw/naclac-token/src/extensions/transfer_hook.rs:173:
             program_id: program.address(),
             accounts: vec![
                 solana_program::instruction::AccountMeta::new(mint.info.address(), false),
[31m-                solana_program::instruction::AccountMeta::new_readonly(authority.info.address(), true),
(B[m[32m+                solana_program::instruction::AccountMeta::new_readonly(
(B[m[32m+                    authority.info.address(),
(B[m[32m+                    true,
(B[m[32m+                ),
(B[m             ],
             data,
         };
Diff in /mnt/c/Users/hp/Documents/naclac-fw/naclac-token/src/extensions/transfer_hook.rs:191:
         let mint_handle: CpiHandle<'_> = CpiHandle::from(mint);
         let ix_accounts = [
             ::pinocchio::instruction::InstructionAccount::writable(mint_handle.info.view.address()),
[31m-            ::pinocchio::instruction::InstructionAccount::readonly_signer(authority.info.view.address()),
(B[m[32m+            ::pinocchio::instruction::InstructionAccount::readonly_signer(
(B[m[32m+                authority.info.view.address(),
(B[m[32m+            ),
(B[m         ];
         let instruction = ::pinocchio::instruction::InstructionView {
             program_id: program.info.view.address(),
Diff in /mnt/c/Users/hp/Documents/naclac-fw/naclac-token/src/lib.rs:37:
         harvest_withheld_tokens_to_mint, harvest_withheld_tokens_to_mint_signed,
         initialize_default_account_state, initialize_default_account_state_signed,
         initialize_group_member_pointer, initialize_group_member_pointer_signed,
[31m-        initialize_group_pointer, initialize_group_pointer_signed,
(B[m[31m-        initialize_immutable_owner, initialize_immutable_owner_signed,
(B[m[31m-        initialize_interest_bearing_mint, initialize_interest_bearing_mint_signed,
(B[m[31m-        initialize_metadata_pointer, initialize_metadata_pointer_signed,
(B[m[31m-        initialize_non_transferable_mint, initialize_non_transferable_mint_signed,
(B[m[31m-        initialize_permanent_delegate, initialize_permanent_delegate_signed,
(B[m[31m-        initialize_transfer_fee_config, initialize_transfer_fee_config_signed,
(B[m[31m-        initialize_transfer_hook, initialize_transfer_hook_signed, set_transfer_fee,
(B[m[31m-        set_transfer_fee_signed, transfer_checked_with_fee, transfer_checked_with_fee_signed,
(B[m[31m-        transfer_hook_update, transfer_hook_update_signed, update_default_account_state,
(B[m[32m+        initialize_group_pointer, initialize_group_pointer_signed, initialize_immutable_owner,
(B[m[32m+        initialize_immutable_owner_signed, initialize_interest_bearing_mint,
(B[m[32m+        initialize_interest_bearing_mint_signed, initialize_metadata_pointer,
(B[m[32m+        initialize_metadata_pointer_signed, initialize_non_transferable_mint,
(B[m[32m+        initialize_non_transferable_mint_signed, initialize_permanent_delegate,
(B[m[32m+        initialize_permanent_delegate_signed, initialize_transfer_fee_config,
(B[m[32m+        initialize_transfer_fee_config_signed, initialize_transfer_hook,
(B[m[32m+        initialize_transfer_hook_signed, set_transfer_fee, set_transfer_fee_signed,
(B[m[32m+        transfer_checked_with_fee, transfer_checked_with_fee_signed, transfer_hook_update,
(B[m[32m+        transfer_hook_update_signed, update_default_account_state,
(B[m         update_default_account_state_signed, update_group_member_pointer,
         update_group_member_pointer_signed, update_group_pointer, update_group_pointer_signed,
         update_interest_bearing_mint_rate, update_interest_bearing_mint_rate_signed,
Diff in /mnt/c/Users/hp/Documents/naclac-fw/naclac-token/src/lib.rs:53:
         update_metadata_pointer, update_metadata_pointer_signed,
[31m-        withdraw_withheld_tokens_from_accounts,
(B[m[31m-        withdraw_withheld_tokens_from_accounts_signed, withdraw_withheld_tokens_from_mint,
(B[m[31m-        withdraw_withheld_tokens_from_mint_signed, DefaultAccountState, Extension,
(B[m[31m-        GroupMemberPointer, GroupPointer, ImmutableOwner, InterestBearingConfig,
(B[m[31m-        MetadataPointer, NonTransferable, NonTransferableAccount, PermanentDelegate,
(B[m[31m-        TokenInterfaceAccountExtensions,
(B[m[31m-        TransferFeeAmount, TransferFeeConfig, TransferHook, TransferHookAccount,
(B[m[31m-        MAX_TRANSFER_FEE_SOURCE_ACCOUNTS,
(B[m[32m+        withdraw_withheld_tokens_from_accounts, withdraw_withheld_tokens_from_accounts_signed,
(B[m[32m+        withdraw_withheld_tokens_from_mint, withdraw_withheld_tokens_from_mint_signed,
(B[m[32m+        DefaultAccountState, Extension, GroupMemberPointer, GroupPointer, ImmutableOwner,
(B[m[32m+        InterestBearingConfig, MetadataPointer, NonTransferable, NonTransferableAccount,
(B[m[32m+        PermanentDelegate, TokenInterfaceAccountExtensions, TransferFeeAmount, TransferFeeConfig,
(B[m[32m+        TransferHook, TransferHookAccount, MAX_TRANSFER_FEE_SOURCE_ACCOUNTS,
(B[m     };
 
     #[cfg(any(feature = "solana", feature = "pinocchio"))]
Diff in /mnt/c/Users/hp/Documents/naclac-fw/naclac-token/src/token.rs:136:
             }
         }
 
[31m-        let mut signers = [const { core::mem::MaybeUninit::<Signer>::uninit() }; crate::prelude::MAX_CPI_SIGNERS];
(B[m[31m-        let mut all_seeds = [const { [const { core::mem::MaybeUninit::<Seed>::uninit() }; crate::prelude::MAX_CPI_SEEDS_PER_SIGNER] }; crate::prelude::MAX_CPI_SIGNERS];
(B[m[32m+        let mut signers =
(B[m[32m+            [const { core::mem::MaybeUninit::<Signer>::uninit() }; crate::prelude::MAX_CPI_SIGNERS];
(B[m[32m+        let mut all_seeds = [const {
(B[m[32m+            [const { core::mem::MaybeUninit::<Seed>::uninit() };
(B[m[32m+                crate::prelude::MAX_CPI_SEEDS_PER_SIGNER]
(B[m[32m+        }; crate::prelude::MAX_CPI_SIGNERS];
(B[m 
         let signer_len = signer_seeds.len();
         for i in 0..signer_len {
Diff in /mnt/c/Users/hp/Documents/naclac-fw/naclac-token/src/token.rs:241:
             }
         }
 
[31m-        let mut signers = [const { core::mem::MaybeUninit::<Signer>::uninit() }; crate::prelude::MAX_CPI_SIGNERS];
(B[m[31m-        let mut all_seeds = [const { [const { core::mem::MaybeUninit::<Seed>::uninit() }; crate::prelude::MAX_CPI_SEEDS_PER_SIGNER] }; crate::prelude::MAX_CPI_SIGNERS];
(B[m[32m+        let mut signers =
(B[m[32m+            [const { core::mem::MaybeUninit::<Signer>::uninit() }; crate::prelude::MAX_CPI_SIGNERS];
(B[m[32m+        let mut all_seeds = [const {
(B[m[32m+            [const { core::mem::MaybeUninit::<Seed>::uninit() };
(B[m[32m+                crate::prelude::MAX_CPI_SEEDS_PER_SIGNER]
(B[m[32m+        }; crate::prelude::MAX_CPI_SIGNERS];
(B[m 
         let signer_len = signer_seeds.len();
         for i in 0..signer_len {
Diff in /mnt/c/Users/hp/Documents/naclac-fw/naclac-token/src/token.rs:346:
             }
         }
 
[31m-        let mut signers = [const { core::mem::MaybeUninit::<Signer>::uninit() }; crate::prelude::MAX_CPI_SIGNERS];
(B[m[31m-        let mut all_seeds = [const { [const { core::mem::MaybeUninit::<Seed>::uninit() }; crate::prelude::MAX_CPI_SEEDS_PER_SIGNER] }; crate::prelude::MAX_CPI_SIGNERS];
(B[m[32m+        let mut signers =
(B[m[32m+            [const { core::mem::MaybeUninit::<Signer>::uninit() }; crate::prelude::MAX_CPI_SIGNERS];
(B[m[32m+        let mut all_seeds = [const {
(B[m[32m+            [const { core::mem::MaybeUninit::<Seed>::uninit() };
(B[m[32m+                crate::prelude::MAX_CPI_SEEDS_PER_SIGNER]
(B[m[32m+        }; crate::prelude::MAX_CPI_SIGNERS];
(B[m 
         let signer_len = signer_seeds.len();
         for i in 0..signer_len {
Diff in /mnt/c/Users/hp/Documents/naclac-fw/naclac-token/src/token.rs:446:
             }
         }
 
[31m-        let mut signers = [const { core::mem::MaybeUninit::<Signer>::uninit() }; crate::prelude::MAX_CPI_SIGNERS];
(B[m[31m-        let mut all_seeds = [const { [const { core::mem::MaybeUninit::<Seed>::uninit() }; crate::prelude::MAX_CPI_SEEDS_PER_SIGNER] }; crate::prelude::MAX_CPI_SIGNERS];
(B[m[32m+        let mut signers =
(B[m[32m+            [const { core::mem::MaybeUninit::<Signer>::uninit() }; crate::prelude::MAX_CPI_SIGNERS];
(B[m[32m+        let mut all_seeds = [const {
(B[m[32m+            [const { core::mem::MaybeUninit::<Seed>::uninit() };
(B[m[32m+                crate::prelude::MAX_CPI_SEEDS_PER_SIGNER]
(B[m[32m+        }; crate::prelude::MAX_CPI_SIGNERS];
(B[m 
         let signer_len = signer_seeds.len();
         for i in 0..signer_len {
Diff in /mnt/c/Users/hp/Documents/naclac-fw/naclac-token/src/token.rs:490:
     #[cfg(not(feature = "pinocchio"))]
     {
         let ix = if program.address() == spl_token_2022::ID {
[31m-            spl_token_2022::instruction::sync_native(&program.address(), &native_token.info.address())?
(B[m[32m+            spl_token_2022::instruction::sync_native(
(B[m[32m+                &program.address(),
(B[m[32m+                &native_token.info.address(),
(B[m[32m+            )?
(B[m         } else {
             spl_token::instruction::sync_native(&program.address(), &native_token.info.address())?
         };
Diff in /mnt/c/Users/hp/Documents/naclac-fw/naclac-token/src/token.rs:555:
     #[cfg(not(feature = "pinocchio"))]
     {
         let mut ix = if program.address() == spl_token_2022::ID {
[31m-            spl_token_2022::instruction::sync_native(&program.address(), &native_token.info.address())?
(B[m[32m+            spl_token_2022::instruction::sync_native(
(B[m[32m+                &program.address(),
(B[m[32m+                &native_token.info.address(),
(B[m[32m+            )?
(B[m         } else {
             spl_token::instruction::sync_native(&program.address(), &native_token.info.address())?
         };
Diff in /mnt/c/Users/hp/Documents/naclac-fw/naclac-token/src/token.rs:608:
         cpi_handles[1] = rent_sysvar;
         cpi_handles[2..2 + extra_len].clone_from_slice(extra_accounts);
 
[31m-        crate::cpi::invoke_signed_pinocchio_handles(&instruction, &cpi_handles[..extra_len + 2], &[])
(B[m[32m+        crate::cpi::invoke_signed_pinocchio_handles(
(B[m[32m+            &instruction,
(B[m[32m+            &cpi_handles[..extra_len + 2],
(B[m[32m+            &[],
(B[m[32m+        )
(B[m     }
 }
 
Diff in /mnt/c/Users/hp/Documents/naclac-fw/naclac-token/src/token.rs:679:
             }
         }
 
[31m-        let mut signers = [const { core::mem::MaybeUninit::<Signer>::uninit() }; crate::prelude::MAX_CPI_SIGNERS];
(B[m[31m-        let mut all_seeds = [const { [const { core::mem::MaybeUninit::<Seed>::uninit() }; crate::prelude::MAX_CPI_SEEDS_PER_SIGNER] }; crate::prelude::MAX_CPI_SIGNERS];
(B[m[32m+        let mut signers =
(B[m[32m+            [const { core::mem::MaybeUninit::<Signer>::uninit() }; crate::prelude::MAX_CPI_SIGNERS];
(B[m[32m+        let mut all_seeds = [const {
(B[m[32m+            [const { core::mem::MaybeUninit::<Seed>::uninit() };
(B[m[32m+                crate::prelude::MAX_CPI_SEEDS_PER_SIGNER]
(B[m[32m+        }; crate::prelude::MAX_CPI_SIGNERS];
(B[m 
         let signer_len = signer_seeds.len();
         for i in 0..signer_len {
Diff in /mnt/c/Users/hp/Documents/naclac-fw/naclac-token/src/token.rs:769:
             }
         }
 
[31m-        let mut signers = [const { core::mem::MaybeUninit::<Signer>::uninit() }; crate::prelude::MAX_CPI_SIGNERS];
(B[m[31m-        let mut all_seeds = [const { [const { core::mem::MaybeUninit::<Seed>::uninit() }; crate::prelude::MAX_CPI_SEEDS_PER_SIGNER] }; crate::prelude::MAX_CPI_SIGNERS];
(B[m[32m+        let mut signers =
(B[m[32m+            [const { core::mem::MaybeUninit::<Signer>::uninit() }; crate::prelude::MAX_CPI_SIGNERS];
(B[m[32m+        let mut all_seeds = [const {
(B[m[32m+            [const { core::mem::MaybeUninit::<Seed>::uninit() };
(B[m[32m+                crate::prelude::MAX_CPI_SEEDS_PER_SIGNER]
(B[m[32m+        }; crate::prelude::MAX_CPI_SIGNERS];
(B[m 
         let signer_len = signer_seeds.len();
         for i in 0..signer_len {
Diff in /mnt/c/Users/hp/Documents/naclac-fw/naclac-token/src/token.rs:986:
             }
         }
 
[31m-        let mut signers = [const { core::mem::MaybeUninit::<Signer>::uninit() }; crate::prelude::MAX_CPI_SIGNERS];
(B[m[31m-        let mut all_seeds = [const { [const { core::mem::MaybeUninit::<Seed>::uninit() }; crate::prelude::MAX_CPI_SEEDS_PER_SIGNER] }; crate::prelude::MAX_CPI_SIGNERS];
(B[m[32m+        let mut signers =
(B[m[32m+            [const { core::mem::MaybeUninit::<Signer>::uninit() }; crate::prelude::MAX_CPI_SIGNERS];
(B[m[32m+        let mut all_seeds = [const {
(B[m[32m+            [const { core::mem::MaybeUninit::<Seed>::uninit() };
(B[m[32m+                crate::prelude::MAX_CPI_SEEDS_PER_SIGNER]
(B[m[32m+        }; crate::prelude::MAX_CPI_SIGNERS];
(B[m 
         let signer_len = signer_seeds.len();
         for i in 0..signer_len {
Diff in /mnt/c/Users/hp/Documents/naclac-fw/naclac-token/src/token.rs:1096:
             }
         }
 
[31m-        let mut signers = [const { core::mem::MaybeUninit::<Signer>::uninit() }; crate::prelude::MAX_CPI_SIGNERS];
(B[m[31m-        let mut all_seeds = [const { [const { core::mem::MaybeUninit::<Seed>::uninit() }; crate::prelude::MAX_CPI_SEEDS_PER_SIGNER] }; crate::prelude::MAX_CPI_SIGNERS];
(B[m[32m+        let mut signers =
(B[m[32m+            [const { core::mem::MaybeUninit::<Signer>::uninit() }; crate::prelude::MAX_CPI_SIGNERS];
(B[m[32m+        let mut all_seeds = [const {
(B[m[32m+            [const { core::mem::MaybeUninit::<Seed>::uninit() };
(B[m[32m+                crate::prelude::MAX_CPI_SEEDS_PER_SIGNER]
(B[m[32m+        }; crate::prelude::MAX_CPI_SIGNERS];
(B[m 
         let signer_len = signer_seeds.len();
         for i in 0..signer_len {
Diff in /mnt/c/Users/hp/Documents/naclac-fw/naclac-token/src/token.rs:1231:
             }
         }
 
[31m-        let mut signers = [const { core::mem::MaybeUninit::<Signer>::uninit() }; crate::prelude::MAX_CPI_SIGNERS];
(B[m[31m-        let mut all_seeds = [const { [const { core::mem::MaybeUninit::<Seed>::uninit() }; crate::prelude::MAX_CPI_SEEDS_PER_SIGNER] }; crate::prelude::MAX_CPI_SIGNERS];
(B[m[32m+        let mut signers =
(B[m[32m+            [const { core::mem::MaybeUninit::<Signer>::uninit() }; crate::prelude::MAX_CPI_SIGNERS];
(B[m[32m+        let mut all_seeds = [const {
(B[m[32m+            [const { core::mem::MaybeUninit::<Seed>::uninit() };
(B[m[32m+                crate::prelude::MAX_CPI_SEEDS_PER_SIGNER]
(B[m[32m+        }; crate::prelude::MAX_CPI_SIGNERS];
(B[m 
         let signer_len = signer_seeds.len();
         for i in 0..signer_len {
Diff in /mnt/c/Users/hp/Documents/naclac-fw/naclac-token/src/token.rs:1612:
     data: &[u8],
     exact_len: bool,
 ) -> core::result::Result<(), NaclacError> {
[31m-    let len_ok = if exact_len { data.len() == 165 } else { data.len() >= 165 };
(B[m[32m+    let len_ok = if exact_len {
(B[m[32m+        data.len() == 165
(B[m[32m+    } else {
(B[m[32m+        data.len() >= 165
(B[m[32m+    };
(B[m     if !len_ok {
         return Err(NaclacError::InvalidAccountDiscriminator);
     }
Diff in /mnt/c/Users/hp/Documents/naclac-fw/naclac-token/src/token.rs:1638:
 /// exactly `1` — `0` is reported distinctly, matching
 /// `validate_token_account_layout` above.
 fn validate_mint_layout(data: &[u8], exact_len: bool) -> core::result::Result<(), NaclacError> {
[31m-    let len_ok = if exact_len { data.len() == 82 } else { data.len() >= 82 };
(B[m[32m+    let len_ok = if exact_len {
(B[m[32m+        data.len() == 82
(B[m[32m+    } else {
(B[m[32m+        data.len() >= 82
(B[m[32m+    };
(B[m     if !len_ok {
         return Err(NaclacError::InvalidAccountDiscriminator);
     }
